kmer,Local_Frequency,Global_Frequency,Present_in_Transcripts,Count,Normalized_K-mer_Count,Mini_Shared_Length
CCCCGGCCACACCCTGGGCCAATCGGGCTCCCACGTCAGGGTCTTTGCAT,1,1,ACTB_ENST00000414620,0,0.0,142
CCCGGCCACACCCTGGGCCAATCGGGCTCCCACGTCAGGGTCTTTGCATA,1,1,ACTB_ENST00000414620,0,0.0,142
CCGGCCACACCCTGGGCCAATCGGGCTCCCACGTCAGGGTCTTTGCATAG,1,1,ACTB_ENST00000414620,0,0.0,142
CGGCCACACCCTGGGCCAATCGGGCTCCCACGTCAGGGTCTTTGCATAGA,1,1,ACTB_ENST00000414620,0,0.0,142
GGCCACACCCTGGGCCAATCGGGCTCCCACGTCAGGGTCTTTGCATAGAG,1,1,ACTB_ENST00000414620,0,0.0,142
GCCACACCCTGGGCCAATCGGGCTCCCACGTCAGGGTCTTTGCATAGAGA,1,1,ACTB_ENST00000414620,0,0.0,142
CCACACCCTGGGCCAATCGGGCTCCCACGTCAGGGTCTTTGCATAGAGAT,1,1,ACTB_ENST00000414620,0,0.0,142
CACACCCTGGGCCAATCGGGCTCCCACGTCAGGGTCTTTGCATAGAGATG,1,1,ACTB_ENST00000414620,0,0.0,142
ACACCCTGGGCCAATCGGGCTCCCACGTCAGGGTCTTTGCATAGAGATGG,1,1,ACTB_ENST00000414620,0,0.0,142
CACCCTGGGCCAATCGGGCTCCCACGTCAGGGTCTTTGCATAGAGATGGA,1,1,ACTB_ENST00000414620,0,0.0,142
ACCCTGGGCCAATCGGGCTCCCACGTCAGGGTCTTTGCATAGAGATGGAG,1,1,ACTB_ENST00000414620,0,0.0,142
CCCTGGGCCAATCGGGCTCCCACGTCAGGGTCTTTGCATAGAGATGGAGT,1,1,ACTB_ENST00000414620,0,0.0,142
CCTGGGCCAATCGGGCTCCCACGTCAGGGTCTTTGCATAGAGATGGAGTT,1,1,ACTB_ENST00000414620,0,0.0,142
CTGGGCCAATCGGGCTCCCACGTCAGGGTCTTTGCATAGAGATGGAGTTT,1,1,ACTB_ENST00000414620,0,0.0,142
TGGGCCAATCGGGCTCCCACGTCAGGGTCTTTGCATAGAGATGGAGTTTC,1,1,ACTB_ENST00000414620,0,0.0,142
GGGCCAATCGGGCTCCCACGTCAGGGTCTTTGCATAGAGATGGAGTTTCA,1,1,ACTB_ENST00000414620,0,0.0,142
GGCCAATCGGGCTCCCACGTCAGGGTCTTTGCATAGAGATGGAGTTTCAA,1,1,ACTB_ENST00000414620,0,0.0,142
GCCAATCGGGCTCCCACGTCAGGGTCTTTGCATAGAGATGGAGTTTCAAC,1,1,ACTB_ENST00000414620,0,0.0,142
CCAATCGGGCTCCCACGTCAGGGTCTTTGCATAGAGATGGAGTTTCAACA,1,1,ACTB_ENST00000414620,0,0.0,142
CAATCGGGCTCCCACGTCAGGGTCTTTGCATAGAGATGGAGTTTCAACAT,1,1,ACTB_ENST00000414620,0,0.0,142
AATCGGGCTCCCACGTCAGGGTCTTTGCATAGAGATGGAGTTTCAACATG,1,1,ACTB_ENST00000414620,0,0.0,142
ATCGGGCTCCCACGTCAGGGTCTTTGCATAGAGATGGAGTTTCAACATGT,1,1,ACTB_ENST00000414620,0,0.0,142
TCGGGCTCCCACGTCAGGGTCTTTGCATAGAGATGGAGTTTCAACATGTT,1,1,ACTB_ENST00000414620,0,0.0,142
CGGGCTCCCACGTCAGGGTCTTTGCATAGAGATGGAGTTTCAACATGTTG,1,1,ACTB_ENST00000414620,0,0.0,142
GGGCTCCCACGTCAGGGTCTTTGCATAGAGATGGAGTTTCAACATGTTGT,1,1,ACTB_ENST00000414620,0,0.0,142
GGCTCCCACGTCAGGGTCTTTGCATAGAGATGGAGTTTCAACATGTTGTC,1,1,ACTB_ENST00000414620,0,0.0,142
GCTCCCACGTCAGGGTCTTTGCATAGAGATGGAGTTTCAACATGTTGTCC,1,1,ACTB_ENST00000414620,0,0.0,142
CTCCCACGTCAGGGTCTTTGCATAGAGATGGAGTTTCAACATGTTGTCCA,1,1,ACTB_ENST00000414620,0,0.0,142
TCCCACGTCAGGGTCTTTGCATAGAGATGGAGTTTCAACATGTTGTCCAG,1,1,ACTB_ENST00000414620,0,0.0,142
CCCACGTCAGGGTCTTTGCATAGAGATGGAGTTTCAACATGTTGTCCAGG,1,1,ACTB_ENST00000414620,0,0.0,142
CCACGTCAGGGTCTTTGCATAGAGATGGAGTTTCAACATGTTGTCCAGGC,1,1,ACTB_ENST00000414620,0,0.0,142
CACGTCAGGGTCTTTGCATAGAGATGGAGTTTCAACATGTTGTCCAGGCT,1,1,ACTB_ENST00000414620,0,0.0,142
ACGTCAGGGTCTTTGCATAGAGATGGAGTTTCAACATGTTGTCCAGGCTG,1,1,ACTB_ENST00000414620,0,0.0,142
CGTCAGGGTCTTTGCATAGAGATGGAGTTTCAACATGTTGTCCAGGCTGG,1,1,ACTB_ENST00000414620,0,0.0,142
GTCAGGGTCTTTGCATAGAGATGGAGTTTCAACATGTTGTCCAGGCTGGT,1,1,ACTB_ENST00000414620,0,0.0,142
TCAGGGTCTTTGCATAGAGATGGAGTTTCAACATGTTGTCCAGGCTGGTC,1,1,ACTB_ENST00000414620,0,0.0,142
CAGGGTCTTTGCATAGAGATGGAGTTTCAACATGTTGTCCAGGCTGGTCT,1,1,ACTB_ENST00000414620,0,0.0,142
AGGGTCTTTGCATAGAGATGGAGTTTCAACATGTTGTCCAGGCTGGTCTT,1,1,ACTB_ENST00000414620,0,0.0,142
GGGTCTTTGCATAGAGATGGAGTTTCAACATGTTGTCCAGGCTGGTCTTG,1,1,ACTB_ENST00000414620,0,0.0,142
GGTCTTTGCATAGAGATGGAGTTTCAACATGTTGTCCAGGCTGGTCTTGA,1,1,ACTB_ENST00000414620,0,0.0,142
GTCTTTGCATAGAGATGGAGTTTCAACATGTTGTCCAGGCTGGTCTTGAA,1,1,ACTB_ENST00000414620,0,0.0,142
TCTTTGCATAGAGATGGAGTTTCAACATGTTGTCCAGGCTGGTCTTGAAC,1,1,ACTB_ENST00000414620,0,0.0,142
CTTTGCATAGAGATGGAGTTTCAACATGTTGTCCAGGCTGGTCTTGAACT,1,1,ACTB_ENST00000414620,0,0.0,142
TTTGCATAGAGATGGAGTTTCAACATGTTGTCCAGGCTGGTCTTGAACTC,1,1,ACTB_ENST00000414620,0,0.0,142
TTGCATAGAGATGGAGTTTCAACATGTTGTCCAGGCTGGTCTTGAACTCG,1,1,ACTB_ENST00000414620,0,0.0,142
TGCATAGAGATGGAGTTTCAACATGTTGTCCAGGCTGGTCTTGAACTCGT,1,1,ACTB_ENST00000414620,0,0.0,142
GCATAGAGATGGAGTTTCAACATGTTGTCCAGGCTGGTCTTGAACTCGTG,1,1,ACTB_ENST00000414620,0,0.0,142
CATAGAGATGGAGTTTCAACATGTTGTCCAGGCTGGTCTTGAACTCGTGA,1,1,ACTB_ENST00000414620,0,0.0,142
ATAGAGATGGAGTTTCAACATGTTGTCCAGGCTGGTCTTGAACTCGTGAC,1,1,ACTB_ENST00000414620,0,0.0,142
TAGAGATGGAGTTTCAACATGTTGTCCAGGCTGGTCTTGAACTCGTGACC,1,1,ACTB_ENST00000414620,0,0.0,142
AGAGATGGAGTTTCAACATGTTGTCCAGGCTGGTCTTGAACTCGTGACCA,1,1,ACTB_ENST00000414620,0,0.0,142
GAGATGGAGTTTCAACATGTTGTCCAGGCTGGTCTTGAACTCGTGACCAC,1,1,ACTB_ENST00000414620,0,0.0,142
AGATGGAGTTTCAACATGTTGTCCAGGCTGGTCTTGAACTCGTGACCACA,1,1,ACTB_ENST00000414620,0,0.0,142
GATGGAGTTTCAACATGTTGTCCAGGCTGGTCTTGAACTCGTGACCACAA,1,1,ACTB_ENST00000414620,0,0.0,142
ATGGAGTTTCAACATGTTGTCCAGGCTGGTCTTGAACTCGTGACCACAAG,1,1,ACTB_ENST00000414620,0,0.0,142
TGGAGTTTCAACATGTTGTCCAGGCTGGTCTTGAACTCGTGACCACAAGT,1,1,ACTB_ENST00000414620,0,0.0,142
GGAGTTTCAACATGTTGTCCAGGCTGGTCTTGAACTCGTGACCACAAGTG,1,1,ACTB_ENST00000414620,0,0.0,142
GAGTTTCAACATGTTGTCCAGGCTGGTCTTGAACTCGTGACCACAAGTGA,1,1,ACTB_ENST00000414620,0,0.0,142
AGTTTCAACATGTTGTCCAGGCTGGTCTTGAACTCGTGACCACAAGTGAT,1,1,ACTB_ENST00000414620,0,0.0,142
GTTTCAACATGTTGTCCAGGCTGGTCTTGAACTCGTGACCACAAGTGATC,1,1,ACTB_ENST00000414620,0,0.0,142
TTTCAACATGTTGTCCAGGCTGGTCTTGAACTCGTGACCACAAGTGATCC,1,1,ACTB_ENST00000414620,0,0.0,142
TTCAACATGTTGTCCAGGCTGGTCTTGAACTCGTGACCACAAGTGATCCA,1,1,ACTB_ENST00000414620,0,0.0,142
TCAACATGTTGTCCAGGCTGGTCTTGAACTCGTGACCACAAGTGATCCAC,1,1,ACTB_ENST00000414620,0,0.0,142
CAACATGTTGTCCAGGCTGGTCTTGAACTCGTGACCACAAGTGATCCACC,1,1,ACTB_ENST00000414620,0,0.0,142
AACATGTTGTCCAGGCTGGTCTTGAACTCGTGACCACAAGTGATCCACCC,1,1,ACTB_ENST00000414620,0,0.0,142
ACATGTTGTCCAGGCTGGTCTTGAACTCGTGACCACAAGTGATCCACCCA,1,1,ACTB_ENST00000414620,0,0.0,142
CATGTTGTCCAGGCTGGTCTTGAACTCGTGACCACAAGTGATCCACCCAC,1,1,ACTB_ENST00000414620,0,0.0,142
ATGTTGTCCAGGCTGGTCTTGAACTCGTGACCACAAGTGATCCACCCACC,1,1,ACTB_ENST00000414620,0,0.0,142
TGTTGTCCAGGCTGGTCTTGAACTCGTGACCACAAGTGATCCACCCACCA,1,1,ACTB_ENST00000414620,0,0.0,142
GTTGTCCAGGCTGGTCTTGAACTCGTGACCACAAGTGATCCACCCACCAT,1,1,ACTB_ENST00000414620,0,0.0,142
TTGTCCAGGCTGGTCTTGAACTCGTGACCACAAGTGATCCACCCACCATG,1,1,ACTB_ENST00000414620,0,0.0,142
TGTCCAGGCTGGTCTTGAACTCGTGACCACAAGTGATCCACCCACCATGG,1,1,ACTB_ENST00000414620,0,0.0,142
GTCCAGGCTGGTCTTGAACTCGTGACCACAAGTGATCCACCCACCATGGC,1,1,ACTB_ENST00000414620,0,0.0,142
TCCAGGCTGGTCTTGAACTCGTGACCACAAGTGATCCACCCACCATGGCC,1,1,ACTB_ENST00000414620,0,0.0,142
CCAGGCTGGTCTTGAACTCGTGACCACAAGTGATCCACCCACCATGGCCT,1,1,ACTB_ENST00000414620,0,0.0,142
CAGGCTGGTCTTGAACTCGTGACCACAAGTGATCCACCCACCATGGCCTC,1,1,ACTB_ENST00000414620,0,0.0,142
AGGCTGGTCTTGAACTCGTGACCACAAGTGATCCACCCACCATGGCCTCC,1,1,ACTB_ENST00000414620,0,0.0,142
GGCTGGTCTTGAACTCGTGACCACAAGTGATCCACCCACCATGGCCTCCC,1,1,ACTB_ENST00000414620,0,0.0,142
GCTGGTCTTGAACTCGTGACCACAAGTGATCCACCCACCATGGCCTCCCA,1,1,ACTB_ENST00000414620,0,0.0,142
CTGGTCTTGAACTCGTGACCACAAGTGATCCACCCACCATGGCCTCCCAA,1,1,ACTB_ENST00000414620,0,0.0,142
TGGTCTTGAACTCGTGACCACAAGTGATCCACCCACCATGGCCTCCCAAA,1,1,ACTB_ENST00000414620,0,0.0,142
GGTCTTGAACTCGTGACCACAAGTGATCCACCCACCATGGCCTCCCAAAG,1,1,ACTB_ENST00000414620,0,0.0,142
GTCTTGAACTCGTGACCACAAGTGATCCACCCACCATGGCCTCCCAAAGT,1,1,ACTB_ENST00000414620,0,0.0,142
TCTTGAACTCGTGACCACAAGTGATCCACCCACCATGGCCTCCCAAAGTG,1,1,ACTB_ENST00000414620,0,0.0,142
CTTGAACTCGTGACCACAAGTGATCCACCCACCATGGCCTCCCAAAGTGC,1,1,ACTB_ENST00000414620,0,0.0,142
TTGAACTCGTGACCACAAGTGATCCACCCACCATGGCCTCCCAAAGTGCT,1,1,ACTB_ENST00000414620,0,0.0,142
TGAACTCGTGACCACAAGTGATCCACCCACCATGGCCTCCCAAAGTGCTG,1,1,ACTB_ENST00000414620,0,0.0,142
GAACTCGTGACCACAAGTGATCCACCCACCATGGCCTCCCAAAGTGCTGG,1,1,ACTB_ENST00000414620,0,0.0,142
AACTCGTGACCACAAGTGATCCACCCACCATGGCCTCCCAAAGTGCTGGG,1,1,ACTB_ENST00000414620,0,0.0,142
ACTCGTGACCACAAGTGATCCACCCACCATGGCCTCCCAAAGTGCTGGGA,1,1,ACTB_ENST00000414620,0,0.0,142
CTCGTGACCACAAGTGATCCACCCACCATGGCCTCCCAAAGTGCTGGGAT,1,1,ACTB_ENST00000414620,0,0.0,142
TCGTGACCACAAGTGATCCACCCACCATGGCCTCCCAAAGTGCTGGGATT,1,1,ACTB_ENST00000414620,0,0.0,142
CGTGACCACAAGTGATCCACCCACCATGGCCTCCCAAAGTGCTGGGATTA,1,1,ACTB_ENST00000414620,0,0.0,142
GTGACCACAAGTGATCCACCCACCATGGCCTCCCAAAGTGCTGGGATTAC,1,1,ACTB_ENST00000414620,0,0.0,142
TGACCACAAGTGATCCACCCACCATGGCCTCCCAAAGTGCTGGGATTACA,1,1,ACTB_ENST00000414620,0,0.0,142
GACCACAAGTGATCCACCCACCATGGCCTCCCAAAGTGCTGGGATTACAG,1,1,ACTB_ENST00000414620,0,0.0,142
ACCACAAGTGATCCACCCACCATGGCCTCCCAAAGTGCTGGGATTACAGC,1,1,ACTB_ENST00000414620,0,0.0,142
CCACAAGTGATCCACCCACCATGGCCTCCCAAAGTGCTGGGATTACAGCT,1,1,ACTB_ENST00000414620,0,0.0,142
CACAAGTGATCCACCCACCATGGCCTCCCAAAGTGCTGGGATTACAGCTC,1,1,ACTB_ENST00000414620,0,0.0,142
ACAAGTGATCCACCCACCATGGCCTCCCAAAGTGCTGGGATTACAGCTCA,1,1,ACTB_ENST00000414620,0,0.0,142
CAAGTGATCCACCCACCATGGCCTCCCAAAGTGCTGGGATTACAGCTCAC,1,1,ACTB_ENST00000414620,0,0.0,142
AAGTGATCCACCCACCATGGCCTCCCAAAGTGCTGGGATTACAGCTCACC,1,1,ACTB_ENST00000414620,0,0.0,142
AGTGATCCACCCACCATGGCCTCCCAAAGTGCTGGGATTACAGCTCACCA,1,1,ACTB_ENST00000414620,0,0.0,142
GTGATCCACCCACCATGGCCTCCCAAAGTGCTGGGATTACAGCTCACCAT,1,1,ACTB_ENST00000414620,0,0.0,142
TGATCCACCCACCATGGCCTCCCAAAGTGCTGGGATTACAGCTCACCATG,1,1,ACTB_ENST00000414620,0,0.0,142
GATCCACCCACCATGGCCTCCCAAAGTGCTGGGATTACAGCTCACCATGG,1,1,ACTB_ENST00000414620,0,0.0,142
ATCCACCCACCATGGCCTCCCAAAGTGCTGGGATTACAGCTCACCATGGA,1,1,ACTB_ENST00000414620,0,0.0,142
TCCACCCACCATGGCCTCCCAAAGTGCTGGGATTACAGCTCACCATGGAT,1,1,ACTB_ENST00000414620,0,0.0,142
CCACCCACCATGGCCTCCCAAAGTGCTGGGATTACAGCTCACCATGGATG,1,1,ACTB_ENST00000414620,0,0.0,142
CACCCACCATGGCCTCCCAAAGTGCTGGGATTACAGCTCACCATGGATGA,1,1,ACTB_ENST00000414620,0,0.0,142
ACCCACCATGGCCTCCCAAAGTGCTGGGATTACAGCTCACCATGGATGAT,1,1,ACTB_ENST00000414620,0,0.0,142
CCCACCATGGCCTCCCAAAGTGCTGGGATTACAGCTCACCATGGATGATG,1,1,ACTB_ENST00000414620,0,0.0,142
CCACCATGGCCTCCCAAAGTGCTGGGATTACAGCTCACCATGGATGATGA,1,1,ACTB_ENST00000414620,0,0.0,142
CACCATGGCCTCCCAAAGTGCTGGGATTACAGCTCACCATGGATGATGAT,1,1,ACTB_ENST00000414620,0,0.0,142
ACCATGGCCTCCCAAAGTGCTGGGATTACAGCTCACCATGGATGATGATA,1,1,ACTB_ENST00000414620,0,0.0,142
CCATGGCCTCCCAAAGTGCTGGGATTACAGCTCACCATGGATGATGATAT,1,1,ACTB_ENST00000414620,0,0.0,142
CATGGCCTCCCAAAGTGCTGGGATTACAGCTCACCATGGATGATGATATC,1,1,ACTB_ENST00000414620,0,0.0,142
ATGGCCTCCCAAAGTGCTGGGATTACAGCTCACCATGGATGATGATATCG,1,1,ACTB_ENST00000414620,0,0.0,142
TGGCCTCCCAAAGTGCTGGGATTACAGCTCACCATGGATGATGATATCGC,1,1,ACTB_ENST00000414620,0,0.0,142
GGCCTCCCAAAGTGCTGGGATTACAGCTCACCATGGATGATGATATCGCC,1,1,ACTB_ENST00000414620,0,0.0,142
GCCTCCCAAAGTGCTGGGATTACAGCTCACCATGGATGATGATATCGCCG,1,1,ACTB_ENST00000414620,0,0.0,142
CCTCCCAAAGTGCTGGGATTACAGCTCACCATGGATGATGATATCGCCGC,1,1,ACTB_ENST00000414620,0,0.0,142
CTCCCAAAGTGCTGGGATTACAGCTCACCATGGATGATGATATCGCCGCG,1,1,ACTB_ENST00000414620,0,0.0,142
TCCCAAAGTGCTGGGATTACAGCTCACCATGGATGATGATATCGCCGCGC,1,1,ACTB_ENST00000414620,0,0.0,142
CCCAAAGTGCTGGGATTACAGCTCACCATGGATGATGATATCGCCGCGCT,1,1,ACTB_ENST00000414620,0,0.0,142
CCAAAGTGCTGGGATTACAGCTCACCATGGATGATGATATCGCCGCGCTC,1,1,ACTB_ENST00000414620,0,0.0,142
CAAAGTGCTGGGATTACAGCTCACCATGGATGATGATATCGCCGCGCTCG,1,1,ACTB_ENST00000414620,0,0.0,142
AAAGTGCTGGGATTACAGCTCACCATGGATGATGATATCGCCGCGCTCGT,1,1,ACTB_ENST00000414620,0,0.0,142
AAGTGCTGGGATTACAGCTCACCATGGATGATGATATCGCCGCGCTCGTC,1,1,ACTB_ENST00000414620,0,0.0,142
AGTGCTGGGATTACAGCTCACCATGGATGATGATATCGCCGCGCTCGTCG,1,1,ACTB_ENST00000414620,0,0.0,142
GTGCTGGGATTACAGCTCACCATGGATGATGATATCGCCGCGCTCGTCGT,1,1,ACTB_ENST00000414620,0,0.0,142
TGCTGGGATTACAGCTCACCATGGATGATGATATCGCCGCGCTCGTCGTC,1,1,ACTB_ENST00000414620,0,0.0,142
GCTGGGATTACAGCTCACCATGGATGATGATATCGCCGCGCTCGTCGTCG,1,1,ACTB_ENST00000414620,0,0.0,142
CTGGGATTACAGCTCACCATGGATGATGATATCGCCGCGCTCGTCGTCGA,1,1,ACTB_ENST00000414620,0,0.0,142
TGGGATTACAGCTCACCATGGATGATGATATCGCCGCGCTCGTCGTCGAC,1,1,ACTB_ENST00000414620,0,0.0,142
GGGATTACAGCTCACCATGGATGATGATATCGCCGCGCTCGTCGTCGACA,1,1,ACTB_ENST00000414620,0,0.0,142
GGATTACAGCTCACCATGGATGATGATATCGCCGCGCTCGTCGTCGACAA,1,1,ACTB_ENST00000414620,0,0.0,142
GATTACAGCTCACCATGGATGATGATATCGCCGCGCTCGTCGTCGACAAC,1,1,ACTB_ENST00000414620,0,0.0,142
ATTACAGCTCACCATGGATGATGATATCGCCGCGCTCGTCGTCGACAACG,1,1,ACTB_ENST00000414620,0,0.0,142
TTACAGCTCACCATGGATGATGATATCGCCGCGCTCGTCGTCGACAACGG,1,1,ACTB_ENST00000414620,0,0.0,142
TACAGCTCACCATGGATGATGATATCGCCGCGCTCGTCGTCGACAACGGC,1,1,ACTB_ENST00000414620,0,0.0,142
ACAGCTCACCATGGATGATGATATCGCCGCGCTCGTCGTCGACAACGGCT,1,1,ACTB_ENST00000414620,0,0.0,142
