kmer,Local_Frequency,Global_Frequency,Present_in_Transcripts
GCCCCCCGGGCCGTCTTCCCCTCCATCGTGGGGCGCCCCAGGCACCAGGT,1,2,ACTB_ENST00000480301-ACTB_ENST00000477812
CCCCCCGGGCCGTCTTCCCCTCCATCGTGGGGCGCCCCAGGCACCAGGTA,1,2,ACTB_ENST00000480301-ACTB_ENST00000477812
CCCCCGGGCCGTCTTCCCCTCCATCGTGGGGCGCCCCAGGCACCAGGTAG,1,2,ACTB_ENST00000480301-ACTB_ENST00000477812
CCCCGGGCCGTCTTCCCCTCCATCGTGGGGCGCCCCAGGCACCAGGTAGG,1,2,ACTB_ENST00000480301-ACTB_ENST00000477812
CCCGGGCCGTCTTCCCCTCCATCGTGGGGCGCCCCAGGCACCAGGTAGGG,1,2,ACTB_ENST00000480301-ACTB_ENST00000477812
CCGGGCCGTCTTCCCCTCCATCGTGGGGCGCCCCAGGCACCAGGTAGGGG,1,2,ACTB_ENST00000480301-ACTB_ENST00000477812
CGGGCCGTCTTCCCCTCCATCGTGGGGCGCCCCAGGCACCAGGTAGGGGA,1,2,ACTB_ENST00000480301-ACTB_ENST00000477812
GGGCCGTCTTCCCCTCCATCGTGGGGCGCCCCAGGCACCAGGTAGGGGAG,1,2,ACTB_ENST00000480301-ACTB_ENST00000477812
GGCCGTCTTCCCCTCCATCGTGGGGCGCCCCAGGCACCAGGTAGGGGAGC,1,2,ACTB_ENST00000480301-ACTB_ENST00000477812
GCCGTCTTCCCCTCCATCGTGGGGCGCCCCAGGCACCAGGTAGGGGAGCT,1,2,ACTB_ENST00000480301-ACTB_ENST00000477812
CCGTCTTCCCCTCCATCGTGGGGCGCCCCAGGCACCAGGTAGGGGAGCTG,1,2,ACTB_ENST00000480301-ACTB_ENST00000477812
CGTCTTCCCCTCCATCGTGGGGCGCCCCAGGCACCAGGTAGGGGAGCTGG,1,2,ACTB_ENST00000480301-ACTB_ENST00000477812
GTCTTCCCCTCCATCGTGGGGCGCCCCAGGCACCAGGTAGGGGAGCTGGC,1,2,ACTB_ENST00000480301-ACTB_ENST00000477812
TCTTCCCCTCCATCGTGGGGCGCCCCAGGCACCAGGTAGGGGAGCTGGCT,1,2,ACTB_ENST00000480301-ACTB_ENST00000477812
CTTCCCCTCCATCGTGGGGCGCCCCAGGCACCAGGTAGGGGAGCTGGCTG,1,2,ACTB_ENST00000480301-ACTB_ENST00000477812
TTCCCCTCCATCGTGGGGCGCCCCAGGCACCAGGTAGGGGAGCTGGCTGG,1,2,ACTB_ENST00000480301-ACTB_ENST00000477812
TCCCCTCCATCGTGGGGCGCCCCAGGCACCAGGTAGGGGAGCTGGCTGGG,1,2,ACTB_ENST00000480301-ACTB_ENST00000477812
CCCCTCCATCGTGGGGCGCCCCAGGCACCAGGTAGGGGAGCTGGCTGGGT,1,2,ACTB_ENST00000480301-ACTB_ENST00000477812
CCCTCCATCGTGGGGCGCCCCAGGCACCAGGTAGGGGAGCTGGCTGGGTG,1,2,ACTB_ENST00000480301-ACTB_ENST00000477812
CCTCCATCGTGGGGCGCCCCAGGCACCAGGTAGGGGAGCTGGCTGGGTGG,1,2,ACTB_ENST00000480301-ACTB_ENST00000477812
CTCCATCGTGGGGCGCCCCAGGCACCAGGTAGGGGAGCTGGCTGGGTGGG,1,2,ACTB_ENST00000480301-ACTB_ENST00000477812
TCCATCGTGGGGCGCCCCAGGCACCAGGTAGGGGAGCTGGCTGGGTGGGG,1,2,ACTB_ENST00000480301-ACTB_ENST00000477812
CCATCGTGGGGCGCCCCAGGCACCAGGTAGGGGAGCTGGCTGGGTGGGGC,1,2,ACTB_ENST00000480301-ACTB_ENST00000477812
CATCGTGGGGCGCCCCAGGCACCAGGTAGGGGAGCTGGCTGGGTGGGGCA,1,2,ACTB_ENST00000480301-ACTB_ENST00000477812
ATCGTGGGGCGCCCCAGGCACCAGGTAGGGGAGCTGGCTGGGTGGGGCAG,1,2,ACTB_ENST00000480301-ACTB_ENST00000477812
TCGTGGGGCGCCCCAGGCACCAGGTAGGGGAGCTGGCTGGGTGGGGCAGC,1,2,ACTB_ENST00000480301-ACTB_ENST00000477812
CGTGGGGCGCCCCAGGCACCAGGTAGGGGAGCTGGCTGGGTGGGGCAGCC,1,2,ACTB_ENST00000480301-ACTB_ENST00000477812
GTGGGGCGCCCCAGGCACCAGGTAGGGGAGCTGGCTGGGTGGGGCAGCCC,1,2,ACTB_ENST00000480301-ACTB_ENST00000477812
TGGGGCGCCCCAGGCACCAGGTAGGGGAGCTGGCTGGGTGGGGCAGCCCC,1,2,ACTB_ENST00000480301-ACTB_ENST00000477812
GGGGCGCCCCAGGCACCAGGTAGGGGAGCTGGCTGGGTGGGGCAGCCCCG,1,2,ACTB_ENST00000480301-ACTB_ENST00000477812
GGGCGCCCCAGGCACCAGGTAGGGGAGCTGGCTGGGTGGGGCAGCCCCGG,1,2,ACTB_ENST00000480301-ACTB_ENST00000477812
GGCGCCCCAGGCACCAGGTAGGGGAGCTGGCTGGGTGGGGCAGCCCCGGG,1,2,ACTB_ENST00000480301-ACTB_ENST00000477812
GCGCCCCAGGCACCAGGTAGGGGAGCTGGCTGGGTGGGGCAGCCCCGGGA,1,2,ACTB_ENST00000480301-ACTB_ENST00000477812
CGCCCCAGGCACCAGGTAGGGGAGCTGGCTGGGTGGGGCAGCCCCGGGAG,1,2,ACTB_ENST00000480301-ACTB_ENST00000477812
GCCCCAGGCACCAGGTAGGGGAGCTGGCTGGGTGGGGCAGCCCCGGGAGC,1,2,ACTB_ENST00000480301-ACTB_ENST00000477812
CCCCAGGCACCAGGTAGGGGAGCTGGCTGGGTGGGGCAGCCCCGGGAGCG,1,2,ACTB_ENST00000480301-ACTB_ENST00000477812
CCCAGGCACCAGGTAGGGGAGCTGGCTGGGTGGGGCAGCCCCGGGAGCGG,1,2,ACTB_ENST00000480301-ACTB_ENST00000477812
CCAGGCACCAGGTAGGGGAGCTGGCTGGGTGGGGCAGCCCCGGGAGCGGG,1,2,ACTB_ENST00000480301-ACTB_ENST00000477812
CAGGCACCAGGTAGGGGAGCTGGCTGGGTGGGGCAGCCCCGGGAGCGGGC,1,2,ACTB_ENST00000480301-ACTB_ENST00000477812
AGGCACCAGGTAGGGGAGCTGGCTGGGTGGGGCAGCCCCGGGAGCGGGCG,1,2,ACTB_ENST00000480301-ACTB_ENST00000477812
GGCACCAGGTAGGGGAGCTGGCTGGGTGGGGCAGCCCCGGGAGCGGGCGG,1,2,ACTB_ENST00000480301-ACTB_ENST00000477812
GCACCAGGTAGGGGAGCTGGCTGGGTGGGGCAGCCCCGGGAGCGGGCGGG,1,2,ACTB_ENST00000480301-ACTB_ENST00000477812
CACCAGGTAGGGGAGCTGGCTGGGTGGGGCAGCCCCGGGAGCGGGCGGGA,1,2,ACTB_ENST00000480301-ACTB_ENST00000477812
ACCAGGTAGGGGAGCTGGCTGGGTGGGGCAGCCCCGGGAGCGGGCGGGAG,1,2,ACTB_ENST00000480301-ACTB_ENST00000477812
CCAGGTAGGGGAGCTGGCTGGGTGGGGCAGCCCCGGGAGCGGGCGGGAGG,1,2,ACTB_ENST00000480301-ACTB_ENST00000477812
CAGGTAGGGGAGCTGGCTGGGTGGGGCAGCCCCGGGAGCGGGCGGGAGGC,1,2,ACTB_ENST00000480301-ACTB_ENST00000477812
AGGTAGGGGAGCTGGCTGGGTGGGGCAGCCCCGGGAGCGGGCGGGAGGCA,1,2,ACTB_ENST00000480301-ACTB_ENST00000477812
GGTAGGGGAGCTGGCTGGGTGGGGCAGCCCCGGGAGCGGGCGGGAGGCAA,1,2,ACTB_ENST00000480301-ACTB_ENST00000477812
GTAGGGGAGCTGGCTGGGTGGGGCAGCCCCGGGAGCGGGCGGGAGGCAAG,1,2,ACTB_ENST00000480301-ACTB_ENST00000477812
TAGGGGAGCTGGCTGGGTGGGGCAGCCCCGGGAGCGGGCGGGAGGCAAGG,1,2,ACTB_ENST00000480301-ACTB_ENST00000477812
AGGGGAGCTGGCTGGGTGGGGCAGCCCCGGGAGCGGGCGGGAGGCAAGGG,1,2,ACTB_ENST00000480301-ACTB_ENST00000477812
GGGGAGCTGGCTGGGTGGGGCAGCCCCGGGAGCGGGCGGGAGGCAAGGGC,1,2,ACTB_ENST00000480301-ACTB_ENST00000477812
GGGAGCTGGCTGGGTGGGGCAGCCCCGGGAGCGGGCGGGAGGCAAGGGCG,1,2,ACTB_ENST00000480301-ACTB_ENST00000477812
GGAGCTGGCTGGGTGGGGCAGCCCCGGGAGCGGGCGGGAGGCAAGGGCGC,1,2,ACTB_ENST00000480301-ACTB_ENST00000477812
GAGCTGGCTGGGTGGGGCAGCCCCGGGAGCGGGCGGGAGGCAAGGGCGCT,1,2,ACTB_ENST00000480301-ACTB_ENST00000477812
AGCTGGCTGGGTGGGGCAGCCCCGGGAGCGGGCGGGAGGCAAGGGCGCTT,1,2,ACTB_ENST00000480301-ACTB_ENST00000477812
GCTGGCTGGGTGGGGCAGCCCCGGGAGCGGGCGGGAGGCAAGGGCGCTTT,1,2,ACTB_ENST00000480301-ACTB_ENST00000477812
CTGGCTGGGTGGGGCAGCCCCGGGAGCGGGCGGGAGGCAAGGGCGCTTTC,1,2,ACTB_ENST00000480301-ACTB_ENST00000477812
TGGCTGGGTGGGGCAGCCCCGGGAGCGGGCGGGAGGCAAGGGCGCTTTCT,1,2,ACTB_ENST00000480301-ACTB_ENST00000477812
GGCTGGGTGGGGCAGCCCCGGGAGCGGGCGGGAGGCAAGGGCGCTTTCTC,1,2,ACTB_ENST00000480301-ACTB_ENST00000477812
GCTGGGTGGGGCAGCCCCGGGAGCGGGCGGGAGGCAAGGGCGCTTTCTCT,1,2,ACTB_ENST00000480301-ACTB_ENST00000477812
CTGGGTGGGGCAGCCCCGGGAGCGGGCGGGAGGCAAGGGCGCTTTCTCTG,1,2,ACTB_ENST00000480301-ACTB_ENST00000477812
TGGGTGGGGCAGCCCCGGGAGCGGGCGGGAGGCAAGGGCGCTTTCTCTGC,1,2,ACTB_ENST00000480301-ACTB_ENST00000477812
GGGTGGGGCAGCCCCGGGAGCGGGCGGGAGGCAAGGGCGCTTTCTCTGCA,1,2,ACTB_ENST00000480301-ACTB_ENST00000477812
GGTGGGGCAGCCCCGGGAGCGGGCGGGAGGCAAGGGCGCTTTCTCTGCAC,1,2,ACTB_ENST00000480301-ACTB_ENST00000477812
GTGGGGCAGCCCCGGGAGCGGGCGGGAGGCAAGGGCGCTTTCTCTGCACA,1,2,ACTB_ENST00000480301-ACTB_ENST00000477812
TGGGGCAGCCCCGGGAGCGGGCGGGAGGCAAGGGCGCTTTCTCTGCACAG,1,2,ACTB_ENST00000480301-ACTB_ENST00000477812
GGGGCAGCCCCGGGAGCGGGCGGGAGGCAAGGGCGCTTTCTCTGCACAGG,1,2,ACTB_ENST00000480301-ACTB_ENST00000477812
GGGCAGCCCCGGGAGCGGGCGGGAGGCAAGGGCGCTTTCTCTGCACAGGA,1,2,ACTB_ENST00000480301-ACTB_ENST00000477812
GGCAGCCCCGGGAGCGGGCGGGAGGCAAGGGCGCTTTCTCTGCACAGGAG,1,2,ACTB_ENST00000480301-ACTB_ENST00000477812
GCAGCCCCGGGAGCGGGCGGGAGGCAAGGGCGCTTTCTCTGCACAGGAGC,1,2,ACTB_ENST00000480301-ACTB_ENST00000477812
CAGCCCCGGGAGCGGGCGGGAGGCAAGGGCGCTTTCTCTGCACAGGAGCC,1,2,ACTB_ENST00000480301-ACTB_ENST00000477812
AGCCCCGGGAGCGGGCGGGAGGCAAGGGCGCTTTCTCTGCACAGGAGCCT,1,2,ACTB_ENST00000480301-ACTB_ENST00000477812
GCCCCGGGAGCGGGCGGGAGGCAAGGGCGCTTTCTCTGCACAGGAGCCTC,1,2,ACTB_ENST00000480301-ACTB_ENST00000477812
CCCCGGGAGCGGGCGGGAGGCAAGGGCGCTTTCTCTGCACAGGAGCCTCC,1,2,ACTB_ENST00000480301-ACTB_ENST00000477812
CCCGGGAGCGGGCGGGAGGCAAGGGCGCTTTCTCTGCACAGGAGCCTCCC,1,2,ACTB_ENST00000480301-ACTB_ENST00000477812
CCGGGAGCGGGCGGGAGGCAAGGGCGCTTTCTCTGCACAGGAGCCTCCCG,1,2,ACTB_ENST00000480301-ACTB_ENST00000477812
CGGGAGCGGGCGGGAGGCAAGGGCGCTTTCTCTGCACAGGAGCCTCCCGG,1,2,ACTB_ENST00000480301-ACTB_ENST00000477812
GGGAGCGGGCGGGAGGCAAGGGCGCTTTCTCTGCACAGGAGCCTCCCGGT,1,2,ACTB_ENST00000480301-ACTB_ENST00000477812
GGAGCGGGCGGGAGGCAAGGGCGCTTTCTCTGCACAGGAGCCTCCCGGTT,1,2,ACTB_ENST00000480301-ACTB_ENST00000477812
GAGCGGGCGGGAGGCAAGGGCGCTTTCTCTGCACAGGAGCCTCCCGGTTT,1,2,ACTB_ENST00000480301-ACTB_ENST00000477812
AGCGGGCGGGAGGCAAGGGCGCTTTCTCTGCACAGGAGCCTCCCGGTTTC,1,2,ACTB_ENST00000480301-ACTB_ENST00000477812
GCGGGCGGGAGGCAAGGGCGCTTTCTCTGCACAGGAGCCTCCCGGTTTCC,1,2,ACTB_ENST00000480301-ACTB_ENST00000477812
CGGGCGGGAGGCAAGGGCGCTTTCTCTGCACAGGAGCCTCCCGGTTTCCG,1,2,ACTB_ENST00000480301-ACTB_ENST00000477812
GGGCGGGAGGCAAGGGCGCTTTCTCTGCACAGGAGCCTCCCGGTTTCCGG,1,2,ACTB_ENST00000480301-ACTB_ENST00000477812
GGCGGGAGGCAAGGGCGCTTTCTCTGCACAGGAGCCTCCCGGTTTCCGGG,1,2,ACTB_ENST00000480301-ACTB_ENST00000477812
GCGGGAGGCAAGGGCGCTTTCTCTGCACAGGAGCCTCCCGGTTTCCGGGG,1,2,ACTB_ENST00000480301-ACTB_ENST00000477812
CGGGAGGCAAGGGCGCTTTCTCTGCACAGGAGCCTCCCGGTTTCCGGGGT,1,2,ACTB_ENST00000480301-ACTB_ENST00000477812
GGGAGGCAAGGGCGCTTTCTCTGCACAGGAGCCTCCCGGTTTCCGGGGTG,1,2,ACTB_ENST00000480301-ACTB_ENST00000477812
GGAGGCAAGGGCGCTTTCTCTGCACAGGAGCCTCCCGGTTTCCGGGGTGG,1,2,ACTB_ENST00000480301-ACTB_ENST00000477812
GAGGCAAGGGCGCTTTCTCTGCACAGGAGCCTCCCGGTTTCCGGGGTGGG,1,2,ACTB_ENST00000480301-ACTB_ENST00000477812
AGGCAAGGGCGCTTTCTCTGCACAGGAGCCTCCCGGTTTCCGGGGTGGGG,1,2,ACTB_ENST00000480301-ACTB_ENST00000477812
GGCAAGGGCGCTTTCTCTGCACAGGAGCCTCCCGGTTTCCGGGGTGGGGG,1,2,ACTB_ENST00000480301-ACTB_ENST00000477812
GCAAGGGCGCTTTCTCTGCACAGGAGCCTCCCGGTTTCCGGGGTGGGGGC,1,2,ACTB_ENST00000480301-ACTB_ENST00000477812
CAAGGGCGCTTTCTCTGCACAGGAGCCTCCCGGTTTCCGGGGTGGGGGCT,1,2,ACTB_ENST00000480301-ACTB_ENST00000477812
AAGGGCGCTTTCTCTGCACAGGAGCCTCCCGGTTTCCGGGGTGGGGGCTG,1,2,ACTB_ENST00000480301-ACTB_ENST00000477812
AGGGCGCTTTCTCTGCACAGGAGCCTCCCGGTTTCCGGGGTGGGGGCTGC,1,2,ACTB_ENST00000480301-ACTB_ENST00000477812
GGGCGCTTTCTCTGCACAGGAGCCTCCCGGTTTCCGGGGTGGGGGCTGCG,1,2,ACTB_ENST00000480301-ACTB_ENST00000477812
GGCGCTTTCTCTGCACAGGAGCCTCCCGGTTTCCGGGGTGGGGGCTGCGC,1,2,ACTB_ENST00000480301-ACTB_ENST00000477812
GCGCTTTCTCTGCACAGGAGCCTCCCGGTTTCCGGGGTGGGGGCTGCGCC,1,2,ACTB_ENST00000480301-ACTB_ENST00000477812
CGCTTTCTCTGCACAGGAGCCTCCCGGTTTCCGGGGTGGGGGCTGCGCCC,1,2,ACTB_ENST00000480301-ACTB_ENST00000477812
GCTTTCTCTGCACAGGAGCCTCCCGGTTTCCGGGGTGGGGGCTGCGCCCG,1,2,ACTB_ENST00000480301-ACTB_ENST00000477812
CTTTCTCTGCACAGGAGCCTCCCGGTTTCCGGGGTGGGGGCTGCGCCCGT,1,2,ACTB_ENST00000480301-ACTB_ENST00000477812
TTTCTCTGCACAGGAGCCTCCCGGTTTCCGGGGTGGGGGCTGCGCCCGTG,1,2,ACTB_ENST00000480301-ACTB_ENST00000477812
TTCTCTGCACAGGAGCCTCCCGGTTTCCGGGGTGGGGGCTGCGCCCGTGC,1,2,ACTB_ENST00000480301-ACTB_ENST00000477812
TCTCTGCACAGGAGCCTCCCGGTTTCCGGGGTGGGGGCTGCGCCCGTGCT,1,2,ACTB_ENST00000480301-ACTB_ENST00000477812
CTCTGCACAGGAGCCTCCCGGTTTCCGGGGTGGGGGCTGCGCCCGTGCTC,1,2,ACTB_ENST00000480301-ACTB_ENST00000477812
TCTGCACAGGAGCCTCCCGGTTTCCGGGGTGGGGGCTGCGCCCGTGCTCA,1,2,ACTB_ENST00000480301-ACTB_ENST00000477812
CTGCACAGGAGCCTCCCGGTTTCCGGGGTGGGGGCTGCGCCCGTGCTCAG,1,2,ACTB_ENST00000480301-ACTB_ENST00000477812
TGCACAGGAGCCTCCCGGTTTCCGGGGTGGGGGCTGCGCCCGTGCTCAGG,1,2,ACTB_ENST00000480301-ACTB_ENST00000477812
GCACAGGAGCCTCCCGGTTTCCGGGGTGGGGGCTGCGCCCGTGCTCAGGG,1,2,ACTB_ENST00000480301-ACTB_ENST00000477812
CACAGGAGCCTCCCGGTTTCCGGGGTGGGGGCTGCGCCCGTGCTCAGGGC,1,2,ACTB_ENST00000480301-ACTB_ENST00000477812
ACAGGAGCCTCCCGGTTTCCGGGGTGGGGGCTGCGCCCGTGCTCAGGGCT,1,2,ACTB_ENST00000480301-ACTB_ENST00000477812
CAGGAGCCTCCCGGTTTCCGGGGTGGGGGCTGCGCCCGTGCTCAGGGCTT,1,2,ACTB_ENST00000480301-ACTB_ENST00000477812
AGGAGCCTCCCGGTTTCCGGGGTGGGGGCTGCGCCCGTGCTCAGGGCTTC,1,2,ACTB_ENST00000480301-ACTB_ENST00000477812
GGAGCCTCCCGGTTTCCGGGGTGGGGGCTGCGCCCGTGCTCAGGGCTTCT,1,2,ACTB_ENST00000480301-ACTB_ENST00000477812
GAGCCTCCCGGTTTCCGGGGTGGGGGCTGCGCCCGTGCTCAGGGCTTCTT,1,2,ACTB_ENST00000480301-ACTB_ENST00000477812
AGCCTCCCGGTTTCCGGGGTGGGGGCTGCGCCCGTGCTCAGGGCTTCTTG,1,2,ACTB_ENST00000480301-ACTB_ENST00000477812
GCCTCCCGGTTTCCGGGGTGGGGGCTGCGCCCGTGCTCAGGGCTTCTTGT,1,2,ACTB_ENST00000480301-ACTB_ENST00000477812
CCTCCCGGTTTCCGGGGTGGGGGCTGCGCCCGTGCTCAGGGCTTCTTGTC,1,2,ACTB_ENST00000480301-ACTB_ENST00000477812
CTCCCGGTTTCCGGGGTGGGGGCTGCGCCCGTGCTCAGGGCTTCTTGTCC,1,2,ACTB_ENST00000480301-ACTB_ENST00000477812
TCCCGGTTTCCGGGGTGGGGGCTGCGCCCGTGCTCAGGGCTTCTTGTCCT,1,2,ACTB_ENST00000480301-ACTB_ENST00000477812
CCCGGTTTCCGGGGTGGGGGCTGCGCCCGTGCTCAGGGCTTCTTGTCCTT,1,2,ACTB_ENST00000480301-ACTB_ENST00000477812
CCGGTTTCCGGGGTGGGGGCTGCGCCCGTGCTCAGGGCTTCTTGTCCTTT,1,2,ACTB_ENST00000480301-ACTB_ENST00000477812
CGGTTTCCGGGGTGGGGGCTGCGCCCGTGCTCAGGGCTTCTTGTCCTTTC,1,2,ACTB_ENST00000480301-ACTB_ENST00000477812
GGTTTCCGGGGTGGGGGCTGCGCCCGTGCTCAGGGCTTCTTGTCCTTTCC,1,2,ACTB_ENST00000480301-ACTB_ENST00000477812
GTTTCCGGGGTGGGGGCTGCGCCCGTGCTCAGGGCTTCTTGTCCTTTCCT,1,2,ACTB_ENST00000480301-ACTB_ENST00000477812
TTTCCGGGGTGGGGGCTGCGCCCGTGCTCAGGGCTTCTTGTCCTTTCCTT,1,2,ACTB_ENST00000480301-ACTB_ENST00000477812
TTCCGGGGTGGGGGCTGCGCCCGTGCTCAGGGCTTCTTGTCCTTTCCTTC,1,2,ACTB_ENST00000480301-ACTB_ENST00000477812
TCCGGGGTGGGGGCTGCGCCCGTGCTCAGGGCTTCTTGTCCTTTCCTTCC,1,2,ACTB_ENST00000480301-ACTB_ENST00000477812
CCGGGGTGGGGGCTGCGCCCGTGCTCAGGGCTTCTTGTCCTTTCCTTCCC,1,2,ACTB_ENST00000480301-ACTB_ENST00000477812
CGGGGTGGGGGCTGCGCCCGTGCTCAGGGCTTCTTGTCCTTTCCTTCCCA,1,2,ACTB_ENST00000480301-ACTB_ENST00000477812
GGGGTGGGGGCTGCGCCCGTGCTCAGGGCTTCTTGTCCTTTCCTTCCCAG,1,2,ACTB_ENST00000480301-ACTB_ENST00000477812
GGGTGGGGGCTGCGCCCGTGCTCAGGGCTTCTTGTCCTTTCCTTCCCAGG,1,2,ACTB_ENST00000480301-ACTB_ENST00000477812
GGTGGGGGCTGCGCCCGTGCTCAGGGCTTCTTGTCCTTTCCTTCCCAGGG,1,2,ACTB_ENST00000480301-ACTB_ENST00000477812
GTGGGGGCTGCGCCCGTGCTCAGGGCTTCTTGTCCTTTCCTTCCCAGGGC,1,2,ACTB_ENST00000480301-ACTB_ENST00000477812
TGGGGGCTGCGCCCGTGCTCAGGGCTTCTTGTCCTTTCCTTCCCAGGGCG,1,2,ACTB_ENST00000480301-ACTB_ENST00000477812
GGGGGCTGCGCCCGTGCTCAGGGCTTCTTGTCCTTTCCTTCCCAGGGCGT,1,2,ACTB_ENST00000480301-ACTB_ENST00000477812
GGGGCTGCGCCCGTGCTCAGGGCTTCTTGTCCTTTCCTTCCCAGGGCGTG,1,2,ACTB_ENST00000480301-ACTB_ENST00000477812
GGGCTGCGCCCGTGCTCAGGGCTTCTTGTCCTTTCCTTCCCAGGGCGTGA,1,2,ACTB_ENST00000480301-ACTB_ENST00000477812
GGCTGCGCCCGTGCTCAGGGCTTCTTGTCCTTTCCTTCCCAGGGCGTGAT,1,2,ACTB_ENST00000480301-ACTB_ENST00000477812
GCTGCGCCCGTGCTCAGGGCTTCTTGTCCTTTCCTTCCCAGGGCGTGATG,1,2,ACTB_ENST00000480301-ACTB_ENST00000477812
CTGCGCCCGTGCTCAGGGCTTCTTGTCCTTTCCTTCCCAGGGCGTGATGG,1,2,ACTB_ENST00000480301-ACTB_ENST00000477812
TGCGCCCGTGCTCAGGGCTTCTTGTCCTTTCCTTCCCAGGGCGTGATGGT,1,2,ACTB_ENST00000480301-ACTB_ENST00000477812
GCGCCCGTGCTCAGGGCTTCTTGTCCTTTCCTTCCCAGGGCGTGATGGTG,1,2,ACTB_ENST00000480301-ACTB_ENST00000477812
CGCCCGTGCTCAGGGCTTCTTGTCCTTTCCTTCCCAGGGCGTGATGGTGG,1,2,ACTB_ENST00000480301-ACTB_ENST00000477812
GCCCGTGCTCAGGGCTTCTTGTCCTTTCCTTCCCAGGGCGTGATGGTGGG,1,2,ACTB_ENST00000480301-ACTB_ENST00000477812
CCCGTGCTCAGGGCTTCTTGTCCTTTCCTTCCCAGGGCGTGATGGTGGGC,1,2,ACTB_ENST00000480301-ACTB_ENST00000477812
CCGTGCTCAGGGCTTCTTGTCCTTTCCTTCCCAGGGCGTGATGGTGGGCA,1,2,ACTB_ENST00000480301-ACTB_ENST00000477812
CGTGCTCAGGGCTTCTTGTCCTTTCCTTCCCAGGGCGTGATGGTGGGCAT,1,2,ACTB_ENST00000480301-ACTB_ENST00000477812
GTGCTCAGGGCTTCTTGTCCTTTCCTTCCCAGGGCGTGATGGTGGGCATG,1,2,ACTB_ENST00000480301-ACTB_ENST00000477812
TGCTCAGGGCTTCTTGTCCTTTCCTTCCCAGGGCGTGATGGTGGGCATGG,1,2,ACTB_ENST00000480301-ACTB_ENST00000477812
GCTCAGGGCTTCTTGTCCTTTCCTTCCCAGGGCGTGATGGTGGGCATGGG,1,2,ACTB_ENST00000480301-ACTB_ENST00000477812
CTCAGGGCTTCTTGTCCTTTCCTTCCCAGGGCGTGATGGTGGGCATGGGT,1,2,ACTB_ENST00000480301-ACTB_ENST00000477812
TCAGGGCTTCTTGTCCTTTCCTTCCCAGGGCGTGATGGTGGGCATGGGTC,1,2,ACTB_ENST00000480301-ACTB_ENST00000477812
CAGGGCTTCTTGTCCTTTCCTTCCCAGGGCGTGATGGTGGGCATGGGTCA,1,2,ACTB_ENST00000480301-ACTB_ENST00000477812
AGGGCTTCTTGTCCTTTCCTTCCCAGGGCGTGATGGTGGGCATGGGTCAG,1,2,ACTB_ENST00000480301-ACTB_ENST00000477812
GGGCTTCTTGTCCTTTCCTTCCCAGGGCGTGATGGTGGGCATGGGTCAGA,1,2,ACTB_ENST00000480301-ACTB_ENST00000477812
GGCTTCTTGTCCTTTCCTTCCCAGGGCGTGATGGTGGGCATGGGTCAGAA,1,2,ACTB_ENST00000480301-ACTB_ENST00000477812
GCTTCTTGTCCTTTCCTTCCCAGGGCGTGATGGTGGGCATGGGTCAGAAG,1,2,ACTB_ENST00000480301-ACTB_ENST00000477812
CTTCTTGTCCTTTCCTTCCCAGGGCGTGATGGTGGGCATGGGTCAGAAGG,1,2,ACTB_ENST00000480301-ACTB_ENST00000477812
TTCTTGTCCTTTCCTTCCCAGGGCGTGATGGTGGGCATGGGTCAGAAGGA,1,2,ACTB_ENST00000480301-ACTB_ENST00000477812
TCTTGTCCTTTCCTTCCCAGGGCGTGATGGTGGGCATGGGTCAGAAGGAT,1,2,ACTB_ENST00000480301-ACTB_ENST00000477812
CTTGTCCTTTCCTTCCCAGGGCGTGATGGTGGGCATGGGTCAGAAGGATT,1,2,ACTB_ENST00000480301-ACTB_ENST00000477812
TTGTCCTTTCCTTCCCAGGGCGTGATGGTGGGCATGGGTCAGAAGGATTC,1,2,ACTB_ENST00000480301-ACTB_ENST00000477812
TGTCCTTTCCTTCCCAGGGCGTGATGGTGGGCATGGGTCAGAAGGATTCC,1,2,ACTB_ENST00000480301-ACTB_ENST00000477812
GTCCTTTCCTTCCCAGGGCGTGATGGTGGGCATGGGTCAGAAGGATTCCT,1,2,ACTB_ENST00000480301-ACTB_ENST00000477812
TCCTTTCCTTCCCAGGGCGTGATGGTGGGCATGGGTCAGAAGGATTCCTA,1,2,ACTB_ENST00000480301-ACTB_ENST00000477812
CCTTTCCTTCCCAGGGCGTGATGGTGGGCATGGGTCAGAAGGATTCCTAT,1,2,ACTB_ENST00000480301-ACTB_ENST00000477812
CTTTCCTTCCCAGGGCGTGATGGTGGGCATGGGTCAGAAGGATTCCTATG,1,2,ACTB_ENST00000480301-ACTB_ENST00000477812
TTTCCTTCCCAGGGCGTGATGGTGGGCATGGGTCAGAAGGATTCCTATGT,1,2,ACTB_ENST00000480301-ACTB_ENST00000477812
TTCCTTCCCAGGGCGTGATGGTGGGCATGGGTCAGAAGGATTCCTATGTG,1,2,ACTB_ENST00000480301-ACTB_ENST00000477812
TCCTTCCCAGGGCGTGATGGTGGGCATGGGTCAGAAGGATTCCTATGTGG,1,2,ACTB_ENST00000480301-ACTB_ENST00000477812
CCTTCCCAGGGCGTGATGGTGGGCATGGGTCAGAAGGATTCCTATGTGGG,1,2,ACTB_ENST00000480301-ACTB_ENST00000477812
CTTCCCAGGGCGTGATGGTGGGCATGGGTCAGAAGGATTCCTATGTGGGC,1,2,ACTB_ENST00000480301-ACTB_ENST00000477812
TTCCCAGGGCGTGATGGTGGGCATGGGTCAGAAGGATTCCTATGTGGGCG,1,2,ACTB_ENST00000480301-ACTB_ENST00000477812
TCCCAGGGCGTGATGGTGGGCATGGGTCAGAAGGATTCCTATGTGGGCGA,1,2,ACTB_ENST00000480301-ACTB_ENST00000477812
CCCAGGGCGTGATGGTGGGCATGGGTCAGAAGGATTCCTATGTGGGCGAC,1,2,ACTB_ENST00000480301-ACTB_ENST00000477812
