K-mer,Count
GGTCCCTCTATCTTAGAATCATACTTGAAACACATGGGGCTTTTATGTTC,5
GTCCCTCTATCTTAGAATCATACTTGAAACACATGGGGCTTTTATGTTCT,5
TCCCTCTATCTTAGAATCATACTTGAAACACATGGGGCTTTTATGTTCTA,5
CCCTCTATCTTAGAATCATACTTGAAACACATGGGGCTTTTATGTTCTAC,5
CCTCTATCTTAGAATCATACTTGAAACACATGGGGCTTTTATGTTCTACC,5
CTCTATCTTAGAATCATACTTGAAACACATGGGGCTTTTATGTTCTACCA,5
TCTATCTTAGAATCATACTTGAAACACATGGGGCTTTTATGTTCTACCAT,5
CTATCTTAGAATCATACTTGAAACACATGGGGCTTTTATGTTCTACCATG,5
TATCTTAGAATCATACTTGAAACACATGGGGCTTTTATGTTCTACCATGG,5
ATCTTAGAATCATACTTGAAACACATGGGGCTTTTATGTTCTACCATGGA,5
TCTTAGAATCATACTTGAAACACATGGGGCTTTTATGTTCTACCATGGAA,5
CTTAGAATCATACTTGAAACACATGGGGCTTTTATGTTCTACCATGGAAC,5
TTAGAATCATACTTGAAACACATGGGGCTTTTATGTTCTACCATGGAACA,5
TAGAATCATACTTGAAACACATGGGGCTTTTATGTTCTACCATGGAACAG,5
AGAATCATACTTGAAACACATGGGGCTTTTATGTTCTACCATGGAACAGA,5
GAATCATACTTGAAACACATGGGGCTTTTATGTTCTACCATGGAACAGAT,5
AATCATACTTGAAACACATGGGGCTTTTATGTTCTACCATGGAACAGATT,5
ATCATACTTGAAACACATGGGGCTTTTATGTTCTACCATGGAACAGATTG,5
TCATACTTGAAACACATGGGGCTTTTATGTTCTACCATGGAACAGATTGG,5
CATACTTGAAACACATGGGGCTTTTATGTTCTACCATGGAACAGATTGGA,5
ATACTTGAAACACATGGGGCTTTTATGTTCTACCATGGAACAGATTGGAT,5
TACTTGAAACACATGGGGCTTTTATGTTCTACCATGGAACAGATTGGATA,5
ACTTGAAACACATGGGGCTTTTATGTTCTACCATGGAACAGATTGGATAA,5
CTTGAAACACATGGGGCTTTTATGTTCTACCATGGAACAGATTGGATAAA,5
TTGAAACACATGGGGCTTTTATGTTCTACCATGGAACAGATTGGATAAAC,5
TGAAACACATGGGGCTTTTATGTTCTACCATGGAACAGATTGGATAAACT,5
GAAACACATGGGGCTTTTATGTTCTACCATGGAACAGATTGGATAAACTG,5
AAACACATGGGGCTTTTATGTTCTACCATGGAACAGATTGGATAAACTGT,5
AACACATGGGGCTTTTATGTTCTACCATGGAACAGATTGGATAAACTGTA,5
ACACATGGGGCTTTTATGTTCTACCATGGAACAGATTGGATAAACTGTAA,5
CACATGGGGCTTTTATGTTCTACCATGGAACAGATTGGATAAACTGTAAA,5
ACATGGGGCTTTTATGTTCTACCATGGAACAGATTGGATAAACTGTAAAA,5
CATGGGGCTTTTATGTTCTACCATGGAACAGATTGGATAAACTGTAAAAA,5
ATGGGGCTTTTATGTTCTACCATGGAACAGATTGGATAAACTGTAAAAAC,5
TGGGGCTTTTATGTTCTACCATGGAACAGATTGGATAAACTGTAAAAACC,5
GGGGCTTTTATGTTCTACCATGGAACAGATTGGATAAACTGTAAAAACCT,5
GGGCTTTTATGTTCTACCATGGAACAGATTGGATAAACTGTAAAAACCTC,5
GGCTTTTATGTTCTACCATGGAACAGATTGGATAAACTGTAAAAACCTCT,5
GCTTTTATGTTCTACCATGGAACAGATTGGATAAACTGTAAAAACCTCTA,5
CTTTTATGTTCTACCATGGAACAGATTGGATAAACTGTAAAAACCTCTAC,5
TTTTATGTTCTACCATGGAACAGATTGGATAAACTGTAAAAACCTCTACA,5
TTTATGTTCTACCATGGAACAGATTGGATAAACTGTAAAAACCTCTACAT,5
TTATGTTCTACCATGGAACAGATTGGATAAACTGTAAAAACCTCTACATA,5
TATGTTCTACCATGGAACAGATTGGATAAACTGTAAAAACCTCTACATAT,5
ATGTTCTACCATGGAACAGATTGGATAAACTGTAAAAACCTCTACATATC,5
TGTTCTACCATGGAACAGATTGGATAAACTGTAAAAACCTCTACATATCA,5
GTTCTACCATGGAACAGATTGGATAAACTGTAAAAACCTCTACATATCAG,5
TTCTACCATGGAACAGATTGGATAAACTGTAAAAACCTCTACATATCAGA,5
TCTACCATGGAACAGATTGGATAAACTGTAAAAACCTCTACATATCAGAT,5
CTACCATGGAACAGATTGGATAAACTGTAAAAACCTCTACATATCAGATG,5
TACCATGGAACAGATTGGATAAACTGTAAAAACCTCTACATATCAGATGA,5
ACCATGGAACAGATTGGATAAACTGTAAAAACCTCTACATATCAGATGAT,5
CCATGGAACAGATTGGATAAACTGTAAAAACCTCTACATATCAGATGATA,5
CATGGAACAGATTGGATAAACTGTAAAAACCTCTACATATCAGATGATAC,5
ATGGAACAGATTGGATAAACTGTAAAAACCTCTACATATCAGATGATACT,5
TGGAACAGATTGGATAAACTGTAAAAACCTCTACATATCAGATGATACTC,5
GGAACAGATTGGATAAACTGTAAAAACCTCTACATATCAGATGATACTCT,5
GAACAGATTGGATAAACTGTAAAAACCTCTACATATCAGATGATACTCTA,5
AACAGATTGGATAAACTGTAAAAACCTCTACATATCAGATGATACTCTAA,5
ACAGATTGGATAAACTGTAAAAACCTCTACATATCAGATGATACTCTAAG,5
CAGATTGGATAAACTGTAAAAACCTCTACATATCAGATGATACTCTAAGC,5
AGATTGGATAAACTGTAAAAACCTCTACATATCAGATGATACTCTAAGCA,5
GATTGGATAAACTGTAAAAACCTCTACATATCAGATGATACTCTAAGCAT,4
ATTGGATAAACTGTAAAAACCTCTACATATCAGATGATACTCTAAGCATA,4
TTGGATAAACTGTAAAAACCTCTACATATCAGATGATACTCTAAGCATAA,3
TGGATAAACTGTAAAAACCTCTACATATCAGATGATACTCTAAGCATAAG,3
GGATAAACTGTAAAAACCTCTACATATCAGATGATACTCTAAGCATAAGT,3
GATAAACTGTAAAAACCTCTACATATCAGATGATACTCTAAGCATAAGTC,3
ATAAACTGTAAAAACCTCTACATATCAGATGATACTCTAAGCATAAGTCA,3
TAAACTGTAAAAACCTCTACATATCAGATGATACTCTAAGCATAAGTCAA,3
AAACTGTAAAAACCTCTACATATCAGATGATACTCTAAGCATAAGTCAAA,3
AACTGTAAAAACCTCTACATATCAGATGATACTCTAAGCATAAGTCAAAC,3
ACTGTAAAAACCTCTACATATCAGATGATACTCTAAGCATAAGTCAAACA,3
CTGTAAAAACCTCTACATATCAGATGATACTCTAAGCATAAGTCAAACAA,1
TGTAAAAACCTCTACATATCAGATGATACTCTAAGCATAAGTCAAACAAA,1
GTAAAAACCTCTACATATCAGATGATACTCTAAGCATAAGTCAAACAAAG,2
TAAAAACCTCTACATATCAGATGATACTCTAAGCATAAGTCAAACAAAGA,3
AAAAACCTCTACATATCAGATGATACTCTAAGCATAAGTCAAACAAAGAG,3
AAAACCTCTACATATCAGATGATACTCTAAGCATAAGTCAAACAAAGAGC,3
AAACCTCTACATATCAGATGATACTCTAAGCATAAGTCAAACAAAGAGCC,3
AACCTCTACATATCAGATGATACTCTAAGCATAAGTCAAACAAAGAGCCT,3
ACCTCTACATATCAGATGATACTCTAAGCATAAGTCAAACAAAGAGCCTT,3
CCTCTACATATCAGATGATACTCTAAGCATAAGTCAAACAAAGAGCCTTA,3
CTCTACATATCAGATGATACTCTAAGCATAAGTCAAACAAAGAGCCTTAA,3
TCTACATATCAGATGATACTCTAAGCATAAGTCAAACAAAGAGCCTTAAC,3
CTACATATCAGATGATACTCTAAGCATAAGTCAAACAAAGAGCCTTAACT,3
TACATATCAGATGATACTCTAAGCATAAGTCAAACAAAGAGCCTTAACTA,3
ACATATCAGATGATACTCTAAGCATAAGTCAAACAAAGAGCCTTAACTAG,3
CATATCAGATGATACTCTAAGCATAAGTCAAACAAAGAGCCTTAACTAGC,3
ATATCAGATGATACTCTAAGCATAAGTCAAACAAAGAGCCTTAACTAGCA,3
TATCAGATGATACTCTAAGCATAAGTCAAACAAAGAGCCTTAACTAGCAC,3
ATCAGATGATACTCTAAGCATAAGTCAAACAAAGAGCCTTAACTAGCACT,3
TCAGATGATACTCTAAGCATAAGTCAAACAAAGAGCCTTAACTAGCACTC,3
CAGATGATACTCTAAGCATAAGTCAAACAAAGAGCCTTAACTAGCACTCT,3
AGATGATACTCTAAGCATAAGTCAAACAAAGAGCCTTAACTAGCACTCTG,3
GATGATACTCTAAGCATAAGTCAAACAAAGAGCCTTAACTAGCACTCTGT,3
ATGATACTCTAAGCATAAGTCAAACAAAGAGCCTTAACTAGCACTCTGTC,3
TGATACTCTAAGCATAAGTCAAACAAAGAGCCTTAACTAGCACTCTGTCT,4
GATACTCTAAGCATAAGTCAAACAAAGAGCCTTAACTAGCACTCTGTCTA,4
ATACTCTAAGCATAAGTCAAACAAAGAGCCTTAACTAGCACTCTGTCTAC,4
TACTCTAAGCATAAGTCAAACAAAGAGCCTTAACTAGCACTCTGTCTACT,4
GGGCAGACGGATGTGATAGATTGTACATTTTTTCAGATCAGGTTTGGGAA,2
GGCAGACGGATGTGATAGATTGTACATTTTTTCAGATCAGGTTTGGGAAA,2
GCAGACGGATGTGATAGATTGTACATTTTTTCAGATCAGGTTTGGGAAAA,2
CAGACGGATGTGATAGATTGTACATTTTTTCAGATCAGGTTTGGGAAAAC,2
AGACGGATGTGATAGATTGTACATTTTTTCAGATCAGGTTTGGGAAAACT,2
GACGGATGTGATAGATTGTACATTTTTTCAGATCAGGTTTGGGAAAACTG,2
ACGGATGTGATAGATTGTACATTTTTTCAGATCAGGTTTGGGAAAACTGG,4
CGGATGTGATAGATTGTACATTTTTTCAGATCAGGTTTGGGAAAACTGGT,4
GGATGTGATAGATTGTACATTTTTTCAGATCAGGTTTGGGAAAACTGGTA,4
GATGTGATAGATTGTACATTTTTTCAGATCAGGTTTGGGAAAACTGGTAA,4
ATGTGATAGATTGTACATTTTTTCAGATCAGGTTTGGGAAAACTGGTAAT,4
TGTGATAGATTGTACATTTTTTCAGATCAGGTTTGGGAAAACTGGTAATT,4
GTGATAGATTGTACATTTTTTCAGATCAGGTTTGGGAAAACTGGTAATTC,4
TGATAGATTGTACATTTTTTCAGATCAGGTTTGGGAAAACTGGTAATTCT,4
GATAGATTGTACATTTTTTCAGATCAGGTTTGGGAAAACTGGTAATTCTC,4
ATAGATTGTACATTTTTTCAGATCAGGTTTGGGAAAACTGGTAATTCTCT,4
TAGATTGTACATTTTTTCAGATCAGGTTTGGGAAAACTGGTAATTCTCTA,4
AGATTGTACATTTTTTCAGATCAGGTTTGGGAAAACTGGTAATTCTCTAA,4
GATTGTACATTTTTTCAGATCAGGTTTGGGAAAACTGGTAATTCTCTAAC,4
ATTGTACATTTTTTCAGATCAGGTTTGGGAAAACTGGTAATTCTCTAACA,4
TTGTACATTTTTTCAGATCAGGTTTGGGAAAACTGGTAATTCTCTAACAC,4
TGTACATTTTTTCAGATCAGGTTTGGGAAAACTGGTAATTCTCTAACACC,4
GTACATTTTTTCAGATCAGGTTTGGGAAAACTGGTAATTCTCTAACACCA,4
TACATTTTTTCAGATCAGGTTTGGGAAAACTGGTAATTCTCTAACACCAG,4
ACATTTTTTCAGATCAGGTTTGGGAAAACTGGTAATTCTCTAACACCAGT,4
CATTTTTTCAGATCAGGTTTGGGAAAACTGGTAATTCTCTAACACCAGTT,4
ATTTTTTCAGATCAGGTTTGGGAAAACTGGTAATTCTCTAACACCAGTTG,4
TTTTTTCAGATCAGGTTTGGGAAAACTGGTAATTCTCTAACACCAGTTGA,4
TTTTTCAGATCAGGTTTGGGAAAACTGGTAATTCTCTAACACCAGTTGAA,4
TTTTCAGATCAGGTTTGGGAAAACTGGTAATTCTCTAACACCAGTTGAAA,4
TTTCAGATCAGGTTTGGGAAAACTGGTAATTCTCTAACACCAGTTGAAAT,4
TTCAGATCAGGTTTGGGAAAACTGGTAATTCTCTAACACCAGTTGAAATC,4
TCAGATCAGGTTTGGGAAAACTGGTAATTCTCTAACACCAGTTGAAATCT,4
CAGATCAGGTTTGGGAAAACTGGTAATTCTCTAACACCAGTTGAAATCTT,4
AGATCAGGTTTGGGAAAACTGGTAATTCTCTAACACCAGTTGAAATCTTA,4
GATCAGGTTTGGGAAAACTGGTAATTCTCTAACACCAGTTGAAATCTTAC,4
ATCAGGTTTGGGAAAACTGGTAATTCTCTAACACCAGTTGAAATCTTACT,4
TCAGGTTTGGGAAAACTGGTAATTCTCTAACACCAGTTGAAATCTTACTG,4
CAGGTTTGGGAAAACTGGTAATTCTCTAACACCAGTTGAAATCTTACTGT,4
AGGTTTGGGAAAACTGGTAATTCTCTAACACCAGTTGAAATCTTACTGTT,4
GGTTTGGGAAAACTGGTAATTCTCTAACACCAGTTGAAATCTTACTGTTC,4
GTTTGGGAAAACTGGTAATTCTCTAACACCAGTTGAAATCTTACTGTTCT,4
TTTGGGAAAACTGGTAATTCTCTAACACCAGTTGAAATCTTACTGTTCTT,4
TTGGGAAAACTGGTAATTCTCTAACACCAGTTGAAATCTTACTGTTCTTC,4
TGGGAAAACTGGTAATTCTCTAACACCAGTTGAAATCTTACTGTTCTTCA,4
GGGAAAACTGGTAATTCTCTAACACCAGTTGAAATCTTACTGTTCTTCAA,4
GGAAAACTGGTAATTCTCTAACACCAGTTGAAATCTTACTGTTCTTCAAG,4
GAAAACTGGTAATTCTCTAACACCAGTTGAAATCTTACTGTTCTTCAAGG,4
AAAACTGGTAATTCTCTAACACCAGTTGAAATCTTACTGTTCTTCAAGGG,4
AAACTGGTAATTCTCTAACACCAGTTGAAATCTTACTGTTCTTCAAGGGC,4
AACTGGTAATTCTCTAACACCAGTTGAAATCTTACTGTTCTTCAAGGGCC,4
ACTGGTAATTCTCTAACACCAGTTGAAATCTTACTGTTCTTCAAGGGCCA,4
CTGGTAATTCTCTAACACCAGTTGAAATCTTACTGTTCTTCAAGGGCCAG,4
TGGTAATTCTCTAACACCAGTTGAAATCTTACTGTTCTTCAAGGGCCAGA,4
GGTAATTCTCTAACACCAGTTGAAATCTTACTGTTCTTCAAGGGCCAGAG,4
GTAATTCTCTAACACCAGTTGAAATCTTACTGTTCTTCAAGGGCCAGAGC,4
TAATTCTCTAACACCAGTTGAAATCTTACTGTTCTTCAAGGGCCAGAGCA,4
AATTCTCTAACACCAGTTGAAATCTTACTGTTCTTCAAGGGCCAGAGCAA,4
ATTCTCTAACACCAGTTGAAATCTTACTGTTCTTCAAGGGCCAGAGCAAA,4
TTCTCTAACACCAGTTGAAATCTTACTGTTCTTCAAGGGCCAGAGCAAAT,4
TCTCTAACACCAGTTGAAATCTTACTGTTCTTCAAGGGCCAGAGCAAATG,4
CTCTAACACCAGTTGAAATCTTACTGTTCTTCAAGGGCCAGAGCAAATGC,4
TCTAACACCAGTTGAAATCTTACTGTTCTTCAAGGGCCAGAGCAAATGCT,4
CTAACACCAGTTGAAATCTTACTGTTCTTCAAGGGCCAGAGCAAATGCTA,4
TAACACCAGTTGAAATCTTACTGTTCTTCAAGGGCCAGAGCAAATGCTAG,4
AACACCAGTTGAAATCTTACTGTTCTTCAAGGGCCAGAGCAAATGCTAGC,4
ACACCAGTTGAAATCTTACTGTTCTTCAAGGGCCAGAGCAAATGCTAGCT,4
CACCAGTTGAAATCTTACTGTTCTTCAAGGGCCAGAGCAAATGCTAGCTC,4
ACCAGTTGAAATCTTACTGTTCTTCAAGGGCCAGAGCAAATGCTAGCTCT,4
CCAGTTGAAATCTTACTGTTCTTCAAGGGCCAGAGCAAATGCTAGCTCTT,4
CAGTTGAAATCTTACTGTTCTTCAAGGGCCAGAGCAAATGCTAGCTCTTC,4
AGTTGAAATCTTACTGTTCTTCAAGGGCCAGAGCAAATGCTAGCTCTTCC,4
GTTGAAATCTTACTGTTCTTCAAGGGCCAGAGCAAATGCTAGCTCTTCCT,4
TTGAAATCTTACTGTTCTTCAAGGGCCAGAGCAAATGCTAGCTCTTCCTT,4
TGAAATCTTACTGTTCTTCAAGGGCCAGAGCAAATGCTAGCTCTTCCTTA,4
GAAATCTTACTGTTCTTCAAGGGCCAGAGCAAATGCTAGCTCTTCCTTAG,4
AAATCTTACTGTTCTTCAAGGGCCAGAGCAAATGCTAGCTCTTCCTTAGA,4
AATCTTACTGTTCTTCAAGGGCCAGAGCAAATGCTAGCTCTTCCTTAGAG,4
ATCTTACTGTTCTTCAAGGGCCAGAGCAAATGCTAGCTCTTCCTTAGAGA,2
TCTTACTGTTCTTCAAGGGCCAGAGCAAATGCTAGCTCTTCCTTAGAGAT,2
CTTACTGTTCTTCAAGGGCCAGAGCAAATGCTAGCTCTTCCTTAGAGATT,2
TTACTGTTCTTCAAGGGCCAGAGCAAATGCTAGCTCTTCCTTAGAGATTA,2
TACTGTTCTTCAAGGGCCAGAGCAAATGCTAGCTCTTCCTTAGAGATTAG,2
ACTGTTCTTCAAGGGCCAGAGCAAATGCTAGCTCTTCCTTAGAGATTAGC,2
CTGTTCTTCAAGGGCCAGAGCAAATGCTAGCTCTTCCTTAGAGATTAGCT,2
TGTTCTTCAAGGGCCAGAGCAAATGCTAGCTCTTCCTTAGAGATTAGCTT,2
GTTCTTCAAGGGCCAGAGCAAATGCTAGCTCTTCCTTAGAGATTAGCTTA,2
TTCTTCAAGGGCCAGAGCAAATGCTAGCTCTTCCTTAGAGATTAGCTTAA,1
TCTTCAAGGGCCAGAGCAAATGCTAGCTCTTCCTTAGAGATTAGCTTAAA,1
CTTCAAGGGCCAGAGCAAATGCTAGCTCTTCCTTAGAGATTAGCTTAAAT,1
TTCAAGGGCCAGAGCAAATGCTAGCTCTTCCTTAGAGATTAGCTTAAATT,1
TCAAGGGCCAGAGCAAATGCTAGCTCTTCCTTAGAGATTAGCTTAAATTC,1
CAAGGGCCAGAGCAAATGCTAGCTCTTCCTTAGAGATTAGCTTAAATTCA,1
AAGGGCCAGAGCAAATGCTAGCTCTTCCTTAGAGATTAGCTTAAATTCAC,1
AGGGCCAGAGCAAATGCTAGCTCTTCCTTAGAGATTAGCTTAAATTCACT,1
GGGCCAGAGCAAATGCTAGCTCTTCCTTAGAGATTAGCTTAAATTCACTT,1
GGCCAGAGCAAATGCTAGCTCTTCCTTAGAGATTAGCTTAAATTCACTTG,1
GCCAGAGCAAATGCTAGCTCTTCCTTAGAGATTAGCTTAAATTCACTTGC,1
CCAGAGCAAATGCTAGCTCTTCCTTAGAGATTAGCTTAAATTCACTTGCC,1
CAGAGCAAATGCTAGCTCTTCCTTAGAGATTAGCTTAAATTCACTTGCCC,1
AGAGCAAATGCTAGCTCTTCCTTAGAGATTAGCTTAAATTCACTTGCCCC,1
ACTCTAAGCATAAGTCAAACAAAGAGCCTTAACTAGCACTCTGTCTACTA,3
CTCTAAGCATAAGTCAAACAAAGAGCCTTAACTAGCACTCTGTCTACTAT,3
TCTAAGCATAAGTCAAACAAAGAGCCTTAACTAGCACTCTGTCTACTATA,3
CTAAGCATAAGTCAAACAAAGAGCCTTAACTAGCACTCTGTCTACTATAG,3
TAAGCATAAGTCAAACAAAGAGCCTTAACTAGCACTCTGTCTACTATAGG,4
AAGCATAAGTCAAACAAAGAGCCTTAACTAGCACTCTGTCTACTATAGGA,4
AGCATAAGTCAAACAAAGAGCCTTAACTAGCACTCTGTCTACTATAGGAT,4
GCATAAGTCAAACAAAGAGCCTTAACTAGCACTCTGTCTACTATAGGATC,4
CATAAGTCAAACAAAGAGCCTTAACTAGCACTCTGTCTACTATAGGATCA,4
ATAAGTCAAACAAAGAGCCTTAACTAGCACTCTGTCTACTATAGGATCAA,4
TAAGTCAAACAAAGAGCCTTAACTAGCACTCTGTCTACTATAGGATCAAG,4
AAGTCAAACAAAGAGCCTTAACTAGCACTCTGTCTACTATAGGATCAAGT,4
AGTCAAACAAAGAGCCTTAACTAGCACTCTGTCTACTATAGGATCAAGTT,4
GTCAAACAAAGAGCCTTAACTAGCACTCTGTCTACTATAGGATCAAGTTC,4
TCAAACAAAGAGCCTTAACTAGCACTCTGTCTACTATAGGATCAAGTTCA,4
CAAACAAAGAGCCTTAACTAGCACTCTGTCTACTATAGGATCAAGTTCAG,4
AAACAAAGAGCCTTAACTAGCACTCTGTCTACTATAGGATCAAGTTCAGA,4
AACAAAGAGCCTTAACTAGCACTCTGTCTACTATAGGATCAAGTTCAGAG,4
ACAAAGAGCCTTAACTAGCACTCTGTCTACTATAGGATCAAGTTCAGAGT,4
CAAAGAGCCTTAACTAGCACTCTGTCTACTATAGGATCAAGTTCAGAGTC,4
AAAGAGCCTTAACTAGCACTCTGTCTACTATAGGATCAAGTTCAGAGTCC,4
AAGAGCCTTAACTAGCACTCTGTCTACTATAGGATCAAGTTCAGAGTCCT,4
AGAGCCTTAACTAGCACTCTGTCTACTATAGGATCAAGTTCAGAGTCCTC,4
GAGCCTTAACTAGCACTCTGTCTACTATAGGATCAAGTTCAGAGTCCTCA,4
AGCCTTAACTAGCACTCTGTCTACTATAGGATCAAGTTCAGAGTCCTCAT,4
GCCTTAACTAGCACTCTGTCTACTATAGGATCAAGTTCAGAGTCCTCATG,4
CCTTAACTAGCACTCTGTCTACTATAGGATCAAGTTCAGAGTCCTCATGA,4
CTTAACTAGCACTCTGTCTACTATAGGATCAAGTTCAGAGTCCTCATGAA,4
TTAACTAGCACTCTGTCTACTATAGGATCAAGTTCAGAGTCCTCATGAAA,4
TAACTAGCACTCTGTCTACTATAGGATCAAGTTCAGAGTCCTCATGAAAG,4
AACTAGCACTCTGTCTACTATAGGATCAAGTTCAGAGTCCTCATGAAAGA,4
ACTAGCACTCTGTCTACTATAGGATCAAGTTCAGAGTCCTCATGAAAGAC,4
CTAGCACTCTGTCTACTATAGGATCAAGTTCAGAGTCCTCATGAAAGACG,4
TAGCACTCTGTCTACTATAGGATCAAGTTCAGAGTCCTCATGAAAGACGA,4
AGCACTCTGTCTACTATAGGATCAAGTTCAGAGTCCTCATGAAAGACGAG,4
GCACTCTGTCTACTATAGGATCAAGTTCAGAGTCCTCATGAAAGACGAGA,4
CACTCTGTCTACTATAGGATCAAGTTCAGAGTCCTCATGAAAGACGAGAC,4
ACTCTGTCTACTATAGGATCAAGTTCAGAGTCCTCATGAAAGACGAGACC,4
CTCTGTCTACTATAGGATCAAGTTCAGAGTCCTCATGAAAGACGAGACCT,4
TCTGTCTACTATAGGATCAAGTTCAGAGTCCTCATGAAAGACGAGACCTT,4
CTGTCTACTATAGGATCAAGTTCAGAGTCCTCATGAAAGACGAGACCTTT,4
TGTCTACTATAGGATCAAGTTCAGAGTCCTCATGAAAGACGAGACCTTTC,4
GTCTACTATAGGATCAAGTTCAGAGTCCTCATGAAAGACGAGACCTTTCC,4
TCTACTATAGGATCAAGTTCAGAGTCCTCATGAAAGACGAGACCTTTCCT,4
CTACTATAGGATCAAGTTCAGAGTCCTCATGAAAGACGAGACCTTTCCTG,4
TACTATAGGATCAAGTTCAGAGTCCTCATGAAAGACGAGACCTTTCCTGA,4
ACTATAGGATCAAGTTCAGAGTCCTCATGAAAGACGAGACCTTTCCTGAT,4
CTATAGGATCAAGTTCAGAGTCCTCATGAAAGACGAGACCTTTCCTGATT,4
TATAGGATCAAGTTCAGAGTCCTCATGAAAGACGAGACCTTTCCTGATTA,4
ATAGGATCAAGTTCAGAGTCCTCATGAAAGACGAGACCTTTCCTGATTAG,4
TAGGATCAAGTTCAGAGTCCTCATGAAAGACGAGACCTTTCCTGATTAGT,4
AGGATCAAGTTCAGAGTCCTCATGAAAGACGAGACCTTTCCTGATTAGTC,4
GGATCAAGTTCAGAGTCCTCATGAAAGACGAGACCTTTCCTGATTAGTCT,4
GATCAAGTTCAGAGTCCTCATGAAAGACGAGACCTTTCCTGATTAGTCTC,4
ATCAAGTTCAGAGTCCTCATGAAAGACGAGACCTTTCCTGATTAGTCTCA,4
TCAAGTTCAGAGTCCTCATGAAAGACGAGACCTTTCCTGATTAGTCTCAT,4
CAAGTTCAGAGTCCTCATGAAAGACGAGACCTTTCCTGATTAGTCTCATC,4
AAGTTCAGAGTCCTCATGAAAGACGAGACCTTTCCTGATTAGTCTCATCT,4
AGTTCAGAGTCCTCATGAAAGACGAGACCTTTCCTGATTAGTCTCATCTC,4
GTTCAGAGTCCTCATGAAAGACGAGACCTTTCCTGATTAGTCTCATCTCC,5
TTCAGAGTCCTCATGAAAGACGAGACCTTTCCTGATTAGTCTCATCTCCC,5
TCAGAGTCCTCATGAAAGACGAGACCTTTCCTGATTAGTCTCATCTCCCA,5
CAGAGTCCTCATGAAAGACGAGACCTTTCCTGATTAGTCTCATCTCCCAT,5
AGAGTCCTCATGAAAGACGAGACCTTTCCTGATTAGTCTCATCTCCCATC,5
GAGTCCTCATGAAAGACGAGACCTTTCCTGATTAGTCTCATCTCCCATCA,5
AGTCCTCATGAAAGACGAGACCTTTCCTGATTAGTCTCATCTCCCATCAC,5
GTCCTCATGAAAGACGAGACCTTTCCTGATTAGTCTCATCTCCCATCACT,5
TCCTCATGAAAGACGAGACCTTTCCTGATTAGTCTCATCTCCCATCACTT,5
CCTCATGAAAGACGAGACCTTTCCTGATTAGTCTCATCTCCCATCACTTC,5
CTCATGAAAGACGAGACCTTTCCTGATTAGTCTCATCTCCCATCACTTCC,5
TCATGAAAGACGAGACCTTTCCTGATTAGTCTCATCTCCCATCACTTCCT,5
CATGAAAGACGAGACCTTTCCTGATTAGTCTCATCTCCCATCACTTCCTT,5
ATGAAAGACGAGACCTTTCCTGATTAGTCTCATCTCCCATCACTTCCTTG,5
TGAAAGACGAGACCTTTCCTGATTAGTCTCATCTCCCATCACTTCCTTGT,5
GAAAGACGAGACCTTTCCTGATTAGTCTCATCTCCCATCACTTCCTTGTG,5
ATTTTGTCAAAGCACTTCTGATGCTTCCTTGAGTTGTAATGTTGTGAGTC,4
TTTTGTCAAAGCACTTCTGATGCTTCCTTGAGTTGTAATGTTGTGAGTCT,4
TTTGTCAAAGCACTTCTGATGCTTCCTTGAGTTGTAATGTTGTGAGTCTG,4
TTGTCAAAGCACTTCTGATGCTTCCTTGAGTTGTAATGTTGTGAGTCTGT,4
TGTCAAAGCACTTCTGATGCTTCCTTGAGTTGTAATGTTGTGAGTCTGTC,4
GTCAAAGCACTTCTGATGCTTCCTTGAGTTGTAATGTTGTGAGTCTGTCT,4
TCAAAGCACTTCTGATGCTTCCTTGAGTTGTAATGTTGTGAGTCTGTCTT,4
CAAAGCACTTCTGATGCTTCCTTGAGTTGTAATGTTGTGAGTCTGTCTTT,4
AAAGCACTTCTGATGCTTCCTTGAGTTGTAATGTTGTGAGTCTGTCTTTC,4
AAGCACTTCTGATGCTTCCTTGAGTTGTAATGTTGTGAGTCTGTCTTTCC,4
AGCACTTCTGATGCTTCCTTGAGTTGTAATGTTGTGAGTCTGTCTTTCCC,4
GCACTTCTGATGCTTCCTTGAGTTGTAATGTTGTGAGTCTGTCTTTCCCA,4
CACTTCTGATGCTTCCTTGAGTTGTAATGTTGTGAGTCTGTCTTTCCCAC,4
ACTTCTGATGCTTCCTTGAGTTGTAATGTTGTGAGTCTGTCTTTCCCACT,4
CTTCTGATGCTTCCTTGAGTTGTAATGTTGTGAGTCTGTCTTTCCCACTA,4
TTCTGATGCTTCCTTGAGTTGTAATGTTGTGAGTCTGTCTTTCCCACTAG,4
TCTGATGCTTCCTTGAGTTGTAATGTTGTGAGTCTGTCTTTCCCACTAGC,4
CTGATGCTTCCTTGAGTTGTAATGTTGTGAGTCTGTCTTTCCCACTAGCT,4
TGATGCTTCCTTGAGTTGTAATGTTGTGAGTCTGTCTTTCCCACTAGCTC,4
GATGCTTCCTTGAGTTGTAATGTTGTGAGTCTGTCTTTCCCACTAGCTCC,4
ATGCTTCCTTGAGTTGTAATGTTGTGAGTCTGTCTTTCCCACTAGCTCCT,4
TGCTTCCTTGAGTTGTAATGTTGTGAGTCTGTCTTTCCCACTAGCTCCTT,4
GCTTCCTTGAGTTGTAATGTTGTGAGTCTGTCTTTCCCACTAGCTCCTTT,4
CTTCCTTGAGTTGTAATGTTGTGAGTCTGTCTTTCCCACTAGCTCCTTTT,4
TTCCTTGAGTTGTAATGTTGTGAGTCTGTCTTTCCCACTAGCTCCTTTTG,4
TCCTTGAGTTGTAATGTTGTGAGTCTGTCTTTCCCACTAGCTCCTTTTGT,4
CCTTGAGTTGTAATGTTGTGAGTCTGTCTTTCCCACTAGCTCCTTTTGTT,4
CTTGAGTTGTAATGTTGTGAGTCTGTCTTTCCCACTAGCTCCTTTTGTTA,4
TTGAGTTGTAATGTTGTGAGTCTGTCTTTCCCACTAGCTCCTTTTGTTAG,4
TGAGTTGTAATGTTGTGAGTCTGTCTTTCCCACTAGCTCCTTTTGTTAGG,4
GAGTTGTAATGTTGTGAGTCTGTCTTTCCCACTAGCTCCTTTTGTTAGGG,4
AGTTGTAATGTTGTGAGTCTGTCTTTCCCACTAGCTCCTTTTGTTAGGGT,4
GTTGTAATGTTGTGAGTCTGTCTTTCCCACTAGCTCCTTTTGTTAGGGTA,4
TTGTAATGTTGTGAGTCTGTCTTTCCCACTAGCTCCTTTTGTTAGGGTAG,4
TGTAATGTTGTGAGTCTGTCTTTCCCACTAGCTCCTTTTGTTAGGGTAGG,4
GTAATGTTGTGAGTCTGTCTTTCCCACTAGCTCCTTTTGTTAGGGTAGGA,4
TAATGTTGTGAGTCTGTCTTTCCCACTAGCTCCTTTTGTTAGGGTAGGAC,4
AATGTTGTGAGTCTGTCTTTCCCACTAGCTCCTTTTGTTAGGGTAGGACC,4
ATGTTGTGAGTCTGTCTTTCCCACTAGCTCCTTTTGTTAGGGTAGGACCC,4
TGTTGTGAGTCTGTCTTTCCCACTAGCTCCTTTTGTTAGGGTAGGACCCG,4
GTTGTGAGTCTGTCTTTCCCACTAGCTCCTTTTGTTAGGGTAGGACCCGT,4
TTGTGAGTCTGTCTTTCCCACTAGCTCCTTTTGTTAGGGTAGGACCCGTG,4
TGTGAGTCTGTCTTTCCCACTAGCTCCTTTTGTTAGGGTAGGACCCGTGT,4
GTGAGTCTGTCTTTCCCACTAGCTCCTTTTGTTAGGGTAGGACCCGTGTT,4
TGAGTCTGTCTTTCCCACTAGCTCCTTTTGTTAGGGTAGGACCCGTGTTC,4
GAGTCTGTCTTTCCCACTAGCTCCTTTTGTTAGGGTAGGACCCGTGTTCT,4
AGTCTGTCTTTCCCACTAGCTCCTTTTGTTAGGGTAGGACCCGTGTTCTA,4
GTCTGTCTTTCCCACTAGCTCCTTTTGTTAGGGTAGGACCCGTGTTCTAT,4
TCTGTCTTTCCCACTAGCTCCTTTTGTTAGGGTAGGACCCGTGTTCTATT,4
CTGTCTTTCCCACTAGCTCCTTTTGTTAGGGTAGGACCCGTGTTCTATTC,4
TGTCTTTCCCACTAGCTCCTTTTGTTAGGGTAGGACCCGTGTTCTATTCA,4
GTCTTTCCCACTAGCTCCTTTTGTTAGGGTAGGACCCGTGTTCTATTCAT,4
TCTTTCCCACTAGCTCCTTTTGTTAGGGTAGGACCCGTGTTCTATTCATC,4
CTTTCCCACTAGCTCCTTTTGTTAGGGTAGGACCCGTGTTCTATTCATCT,4
TTTCCCACTAGCTCCTTTTGTTAGGGTAGGACCCGTGTTCTATTCATCTT,4
TTCCCACTAGCTCCTTTTGTTAGGGTAGGACCCGTGTTCTATTCATCTTT,4
TCCCACTAGCTCCTTTTGTTAGGGTAGGACCCGTGTTCTATTCATCTTTG,4
CCCACTAGCTCCTTTTGTTAGGGTAGGACCCGTGTTCTATTCATCTTTGC,4
CCACTAGCTCCTTTTGTTAGGGTAGGACCCGTGTTCTATTCATCTTTGCT,4
CACTAGCTCCTTTTGTTAGGGTAGGACCCGTGTTCTATTCATCTTTGCTT,4
ACTAGCTCCTTTTGTTAGGGTAGGACCCGTGTTCTATTCATCTTTGCTTC,4
CTAGCTCCTTTTGTTAGGGTAGGACCCGTGTTCTATTCATCTTTGCTTCT,4
GTTTTTGGAAACTGGTCCCTCTATCTTAGAATCATACTTGAAACACATGG,5
TTTTTGGAAACTGGTCCCTCTATCTTAGAATCATACTTGAAACACATGGG,5
TTTTGGAAACTGGTCCCTCTATCTTAGAATCATACTTGAAACACATGGGG,4
TTTGGAAACTGGTCCCTCTATCTTAGAATCATACTTGAAACACATGGGGC,4
TTGGAAACTGGTCCCTCTATCTTAGAATCATACTTGAAACACATGGGGCT,4
TGGAAACTGGTCCCTCTATCTTAGAATCATACTTGAAACACATGGGGCTT,4
GGAAACTGGTCCCTCTATCTTAGAATCATACTTGAAACACATGGGGCTTT,4
GAAACTGGTCCCTCTATCTTAGAATCATACTTGAAACACATGGGGCTTTT,4
AAACTGGTCCCTCTATCTTAGAATCATACTTGAAACACATGGGGCTTTTA,4
AACTGGTCCCTCTATCTTAGAATCATACTTGAAACACATGGGGCTTTTAT,4
ACTGGTCCCTCTATCTTAGAATCATACTTGAAACACATGGGGCTTTTATG,4
CTGGTCCCTCTATCTTAGAATCATACTTGAAACACATGGGGCTTTTATGT,4
TGGTCCCTCTATCTTAGAATCATACTTGAAACACATGGGGCTTTTATGTT,4
AAAGACGAGACCTTTCCTGATTAGTCTCATCTCCCATCACTTCCTTGTGC,3
AAGACGAGACCTTTCCTGATTAGTCTCATCTCCCATCACTTCCTTGTGCA,3
AGACGAGACCTTTCCTGATTAGTCTCATCTCCCATCACTTCCTTGTGCAT,3
GACGAGACCTTTCCTGATTAGTCTCATCTCCCATCACTTCCTTGTGCATC,3
ACGAGACCTTTCCTGATTAGTCTCATCTCCCATCACTTCCTTGTGCATCC,3
CGAGACCTTTCCTGATTAGTCTCATCTCCCATCACTTCCTTGTGCATCCT,3
GAGACCTTTCCTGATTAGTCTCATCTCCCATCACTTCCTTGTGCATCCTG,3
AGACCTTTCCTGATTAGTCTCATCTCCCATCACTTCCTTGTGCATCCTGC,3
GACCTTTCCTGATTAGTCTCATCTCCCATCACTTCCTTGTGCATCCTGCA,3
ACCTTTCCTGATTAGTCTCATCTCCCATCACTTCCTTGTGCATCCTGCAC,3
CCTTTCCTGATTAGTCTCATCTCCCATCACTTCCTTGTGCATCCTGCACT,3
CTTTCCTGATTAGTCTCATCTCCCATCACTTCCTTGTGCATCCTGCACTC,3
TTTCCTGATTAGTCTCATCTCCCATCACTTCCTTGTGCATCCTGCACTCC,3
TTCCTGATTAGTCTCATCTCCCATCACTTCCTTGTGCATCCTGCACTCCA,4
TCCTGATTAGTCTCATCTCCCATCACTTCCTTGTGCATCCTGCACTCCAG,4
CCTGATTAGTCTCATCTCCCATCACTTCCTTGTGCATCCTGCACTCCAGT,4
CTGATTAGTCTCATCTCCCATCACTTCCTTGTGCATCCTGCACTCCAGTG,4
TGATTAGTCTCATCTCCCATCACTTCCTTGTGCATCCTGCACTCCAGTGC,4
GATTAGTCTCATCTCCCATCACTTCCTTGTGCATCCTGCACTCCAGTGCG,4
ATTAGTCTCATCTCCCATCACTTCCTTGTGCATCCTGCACTCCAGTGCGT,4
TTAGTCTCATCTCCCATCACTTCCTTGTGCATCCTGCACTCCAGTGCGTT,4
TAGTCTCATCTCCCATCACTTCCTTGTGCATCCTGCACTCCAGTGCGTTT,4
GTATTTAGTAAATAGGGCAGACGGATGTGATAGATTGTACATTTTTTCAG,1
TATTTAGTAAATAGGGCAGACGGATGTGATAGATTGTACATTTTTTCAGA,1
ATTTAGTAAATAGGGCAGACGGATGTGATAGATTGTACATTTTTTCAGAT,1
TTTAGTAAATAGGGCAGACGGATGTGATAGATTGTACATTTTTTCAGATC,1
TTAGTAAATAGGGCAGACGGATGTGATAGATTGTACATTTTTTCAGATCA,1
TAGTAAATAGGGCAGACGGATGTGATAGATTGTACATTTTTTCAGATCAG,1
AGTAAATAGGGCAGACGGATGTGATAGATTGTACATTTTTTCAGATCAGG,1
GTAAATAGGGCAGACGGATGTGATAGATTGTACATTTTTTCAGATCAGGT,1
TAAATAGGGCAGACGGATGTGATAGATTGTACATTTTTTCAGATCAGGTT,1
AAATAGGGCAGACGGATGTGATAGATTGTACATTTTTTCAGATCAGGTTT,1
AATAGGGCAGACGGATGTGATAGATTGTACATTTTTTCAGATCAGGTTTG,1
ATAGGGCAGACGGATGTGATAGATTGTACATTTTTTCAGATCAGGTTTGG,1
TAGGGCAGACGGATGTGATAGATTGTACATTTTTTCAGATCAGGTTTGGG,1
AGGGCAGACGGATGTGATAGATTGTACATTTTTTCAGATCAGGTTTGGGA,1
AAAATCTTTATTTTATTGAAGAAAGTTTTTGGAAACTGGTCCCTCTATCT,2
AAATCTTTATTTTATTGAAGAAAGTTTTTGGAAACTGGTCCCTCTATCTT,2
AATCTTTATTTTATTGAAGAAAGTTTTTGGAAACTGGTCCCTCTATCTTA,2
ATCTTTATTTTATTGAAGAAAGTTTTTGGAAACTGGTCCCTCTATCTTAG,2
TCTTTATTTTATTGAAGAAAGTTTTTGGAAACTGGTCCCTCTATCTTAGA,2
CTTTATTTTATTGAAGAAAGTTTTTGGAAACTGGTCCCTCTATCTTAGAA,2
TTTATTTTATTGAAGAAAGTTTTTGGAAACTGGTCCCTCTATCTTAGAAT,2
TTATTTTATTGAAGAAAGTTTTTGGAAACTGGTCCCTCTATCTTAGAATC,2
TATTTTATTGAAGAAAGTTTTTGGAAACTGGTCCCTCTATCTTAGAATCA,2
ATTTTATTGAAGAAAGTTTTTGGAAACTGGTCCCTCTATCTTAGAATCAT,3
TTTTATTGAAGAAAGTTTTTGGAAACTGGTCCCTCTATCTTAGAATCATA,3
TTTATTGAAGAAAGTTTTTGGAAACTGGTCCCTCTATCTTAGAATCATAC,3
TTATTGAAGAAAGTTTTTGGAAACTGGTCCCTCTATCTTAGAATCATACT,3
TATTGAAGAAAGTTTTTGGAAACTGGTCCCTCTATCTTAGAATCATACTT,3
ATTGAAGAAAGTTTTTGGAAACTGGTCCCTCTATCTTAGAATCATACTTG,3
TTGAAGAAAGTTTTTGGAAACTGGTCCCTCTATCTTAGAATCATACTTGA,3
TGAAGAAAGTTTTTGGAAACTGGTCCCTCTATCTTAGAATCATACTTGAA,3
GAAGAAAGTTTTTGGAAACTGGTCCCTCTATCTTAGAATCATACTTGAAA,3
AAGAAAGTTTTTGGAAACTGGTCCCTCTATCTTAGAATCATACTTGAAAC,3
AGAAAGTTTTTGGAAACTGGTCCCTCTATCTTAGAATCATACTTGAAACA,3
GAAAGTTTTTGGAAACTGGTCCCTCTATCTTAGAATCATACTTGAAACAC,3
AAAGTTTTTGGAAACTGGTCCCTCTATCTTAGAATCATACTTGAAACACA,3
AAGTTTTTGGAAACTGGTCCCTCTATCTTAGAATCATACTTGAAACACAT,3
AGTTTTTGGAAACTGGTCCCTCTATCTTAGAATCATACTTGAAACACATG,3
AGTCTCATCTCCCATCACTTCCTTGTGCATCCTGCACTCCAGTGCGTTTT,3
GTCTCATCTCCCATCACTTCCTTGTGCATCCTGCACTCCAGTGCGTTTTC,3
TCTCATCTCCCATCACTTCCTTGTGCATCCTGCACTCCAGTGCGTTTTCC,3
CTCATCTCCCATCACTTCCTTGTGCATCCTGCACTCCAGTGCGTTTTCCC,3
TCATCTCCCATCACTTCCTTGTGCATCCTGCACTCCAGTGCGTTTTCCCT,3
CATCTCCCATCACTTCCTTGTGCATCCTGCACTCCAGTGCGTTTTCCCTT,3
ATCTCCCATCACTTCCTTGTGCATCCTGCACTCCAGTGCGTTTTCCCTTC,3
TCTCCCATCACTTCCTTGTGCATCCTGCACTCCAGTGCGTTTTCCCTTCA,3
CTCCCATCACTTCCTTGTGCATCCTGCACTCCAGTGCGTTTTCCCTTCAT,2
TCCCATCACTTCCTTGTGCATCCTGCACTCCAGTGCGTTTTCCCTTCATT,2
CCCATCACTTCCTTGTGCATCCTGCACTCCAGTGCGTTTTCCCTTCATTA,2
CCATCACTTCCTTGTGCATCCTGCACTCCAGTGCGTTTTCCCTTCATTAT,2
CATCACTTCCTTGTGCATCCTGCACTCCAGTGCGTTTTCCCTTCATTATC,2
ATCACTTCCTTGTGCATCCTGCACTCCAGTGCGTTTTCCCTTCATTATCT,2
TCACTTCCTTGTGCATCCTGCACTCCAGTGCGTTTTCCCTTCATTATCTA,2
CACTTCCTTGTGCATCCTGCACTCCAGTGCGTTTTCCCTTCATTATCTAT,2
ACTTCCTTGTGCATCCTGCACTCCAGTGCGTTTTCCCTTCATTATCTATG,2
CTTCCTTGTGCATCCTGCACTCCAGTGCGTTTTCCCTTCATTATCTATGA,2
TTCCTTGTGCATCCTGCACTCCAGTGCGTTTTCCCTTCATTATCTATGAG,2
TCCTTGTGCATCCTGCACTCCAGTGCGTTTTCCCTTCATTATCTATGAGC,2
CCTTGTGCATCCTGCACTCCAGTGCGTTTTCCCTTCATTATCTATGAGCT,2
CTTGTGCATCCTGCACTCCAGTGCGTTTTCCCTTCATTATCTATGAGCTG,2
TTGTGCATCCTGCACTCCAGTGCGTTTTCCCTTCATTATCTATGAGCTGT,2
TGTGCATCCTGCACTCCAGTGCGTTTTCCCTTCATTATCTATGAGCTGTT,2
GTGCATCCTGCACTCCAGTGCGTTTTCCCTTCATTATCTATGAGCTGTTG,2
TGCATCCTGCACTCCAGTGCGTTTTCCCTTCATTATCTATGAGCTGTTGC,2
GCATCCTGCACTCCAGTGCGTTTTCCCTTCATTATCTATGAGCTGTTGCC,2
CATCCTGCACTCCAGTGCGTTTTCCCTTCATTATCTATGAGCTGTTGCCT,2
ATCCTGCACTCCAGTGCGTTTTCCCTTCATTATCTATGAGCTGTTGCCTT,2
TCCTGCACTCCAGTGCGTTTTCCCTTCATTATCTATGAGCTGTTGCCTTA,2
CCTGCACTCCAGTGCGTTTTCCCTTCATTATCTATGAGCTGTTGCCTTAT,2
CTGCACTCCAGTGCGTTTTCCCTTCATTATCTATGAGCTGTTGCCTTATG,2
TGCACTCCAGTGCGTTTTCCCTTCATTATCTATGAGCTGTTGCCTTATGC,2
GCACTCCAGTGCGTTTTCCCTTCATTATCTATGAGCTGTTGCCTTATGCT,2
CACTCCAGTGCGTTTTCCCTTCATTATCTATGAGCTGTTGCCTTATGCTT,2
ACTCCAGTGCGTTTTCCCTTCATTATCTATGAGCTGTTGCCTTATGCTTC,2
CTCCAGTGCGTTTTCCCTTCATTATCTATGAGCTGTTGCCTTATGCTTCA,2
TCCAGTGCGTTTTCCCTTCATTATCTATGAGCTGTTGCCTTATGCTTCAT,2
CCAGTGCGTTTTCCCTTCATTATCTATGAGCTGTTGCCTTATGCTTCATA,2
CAGTGCGTTTTCCCTTCATTATCTATGAGCTGTTGCCTTATGCTTCATAA,2
AGTGCGTTTTCCCTTCATTATCTATGAGCTGTTGCCTTATGCTTCATAAG,2
GTGCGTTTTCCCTTCATTATCTATGAGCTGTTGCCTTATGCTTCATAAGT,2
TGCGTTTTCCCTTCATTATCTATGAGCTGTTGCCTTATGCTTCATAAGTA,2
GCGTTTTCCCTTCATTATCTATGAGCTGTTGCCTTATGCTTCATAAGTAA,2
CGTTTTCCCTTCATTATCTATGAGCTGTTGCCTTATGCTTCATAAGTAAA,2
GTTTTCCCTTCATTATCTATGAGCTGTTGCCTTATGCTTCATAAGTAAAA,2
TTTTCCCTTCATTATCTATGAGCTGTTGCCTTATGCTTCATAAGTAAAAT,2
TTTCCCTTCATTATCTATGAGCTGTTGCCTTATGCTTCATAAGTAAAATT,2
TTCCCTTCATTATCTATGAGCTGTTGCCTTATGCTTCATAAGTAAAATTA,2
TCCCTTCATTATCTATGAGCTGTTGCCTTATGCTTCATAAGTAAAATTAT,2
CCCTTCATTATCTATGAGCTGTTGCCTTATGCTTCATAAGTAAAATTATA,2
CCTTCATTATCTATGAGCTGTTGCCTTATGCTTCATAAGTAAAATTATAA,2
CTTCATTATCTATGAGCTGTTGCCTTATGCTTCATAAGTAAAATTATAAT,2
TTCATTATCTATGAGCTGTTGCCTTATGCTTCATAAGTAAAATTATAATG,2
TCATTATCTATGAGCTGTTGCCTTATGCTTCATAAGTAAAATTATAATGT,2
CATTATCTATGAGCTGTTGCCTTATGCTTCATAAGTAAAATTATAATGTC,2
ATTATCTATGAGCTGTTGCCTTATGCTTCATAAGTAAAATTATAATGTCT,2
TTATCTATGAGCTGTTGCCTTATGCTTCATAAGTAAAATTATAATGTCTC,2
TATCTATGAGCTGTTGCCTTATGCTTCATAAGTAAAATTATAATGTCTCC,2
ATCTATGAGCTGTTGCCTTATGCTTCATAAGTAAAATTATAATGTCTCCT,3
TCTATGAGCTGTTGCCTTATGCTTCATAAGTAAAATTATAATGTCTCCTT,3
CTATGAGCTGTTGCCTTATGCTTCATAAGTAAAATTATAATGTCTCCTTC,3
TATGAGCTGTTGCCTTATGCTTCATAAGTAAAATTATAATGTCTCCTTCT,3
ATGAGCTGTTGCCTTATGCTTCATAAGTAAAATTATAATGTCTCCTTCTC,2
TGAGCTGTTGCCTTATGCTTCATAAGTAAAATTATAATGTCTCCTTCTCC,2
GAGCTGTTGCCTTATGCTTCATAAGTAAAATTATAATGTCTCCTTCTCCA,2
AGCTGTTGCCTTATGCTTCATAAGTAAAATTATAATGTCTCCTTCTCCAC,2
GCTGTTGCCTTATGCTTCATAAGTAAAATTATAATGTCTCCTTCTCCACA,2
CTGTTGCCTTATGCTTCATAAGTAAAATTATAATGTCTCCTTCTCCACAT,2
TGTTGCCTTATGCTTCATAAGTAAAATTATAATGTCTCCTTCTCCACATG,2
GTTGCCTTATGCTTCATAAGTAAAATTATAATGTCTCCTTCTCCACATGA,2
TTGCCTTATGCTTCATAAGTAAAATTATAATGTCTCCTTCTCCACATGAT,2
TGCCTTATGCTTCATAAGTAAAATTATAATGTCTCCTTCTCCACATGATA,2
GCCTTATGCTTCATAAGTAAAATTATAATGTCTCCTTCTCCACATGATAC,2
CCTTATGCTTCATAAGTAAAATTATAATGTCTCCTTCTCCACATGATACC,2
CTTATGCTTCATAAGTAAAATTATAATGTCTCCTTCTCCACATGATACCA,2
TTATGCTTCATAAGTAAAATTATAATGTCTCCTTCTCCACATGATACCAT,2
TATGCTTCATAAGTAAAATTATAATGTCTCCTTCTCCACATGATACCATC,2
ATGCTTCATAAGTAAAATTATAATGTCTCCTTCTCCACATGATACCATCC,2
TGCTTCATAAGTAAAATTATAATGTCTCCTTCTCCACATGATACCATCCC,2
GCTTCATAAGTAAAATTATAATGTCTCCTTCTCCACATGATACCATCCCC,2
CTTCATAAGTAAAATTATAATGTCTCCTTCTCCACATGATACCATCCCCC,2
TTCATAAGTAAAATTATAATGTCTCCTTCTCCACATGATACCATCCCCCA,2
TCATAAGTAAAATTATAATGTCTCCTTCTCCACATGATACCATCCCCCAC,2
CATAAGTAAAATTATAATGTCTCCTTCTCCACATGATACCATCCCCCACC,2
ATAAGTAAAATTATAATGTCTCCTTCTCCACATGATACCATCCCCCACCT,2
TAAGTAAAATTATAATGTCTCCTTCTCCACATGATACCATCCCCCACCTT,2
AAGTAAAATTATAATGTCTCCTTCTCCACATGATACCATCCCCCACCTTT,2
AGTAAAATTATAATGTCTCCTTCTCCACATGATACCATCCCCCACCTTTC,2
GTAAAATTATAATGTCTCCTTCTCCACATGATACCATCCCCCACCTTTCC,2
TAAAATTATAATGTCTCCTTCTCCACATGATACCATCCCCCACCTTTCCA,2
AAAATTATAATGTCTCCTTCTCCACATGATACCATCCCCCACCTTTCCAG,2
CGCTTTCCTAAAATCTTTATTTTATTGAAGAAAGTTTTTGGAAACTGGTC,1
GCTTTCCTAAAATCTTTATTTTATTGAAGAAAGTTTTTGGAAACTGGTCC,1
CTTTCCTAAAATCTTTATTTTATTGAAGAAAGTTTTTGGAAACTGGTCCC,1
TTTCCTAAAATCTTTATTTTATTGAAGAAAGTTTTTGGAAACTGGTCCCT,1
TTCCTAAAATCTTTATTTTATTGAAGAAAGTTTTTGGAAACTGGTCCCTC,1
TCCTAAAATCTTTATTTTATTGAAGAAAGTTTTTGGAAACTGGTCCCTCT,1
CCTAAAATCTTTATTTTATTGAAGAAAGTTTTTGGAAACTGGTCCCTCTA,1
CTAAAATCTTTATTTTATTGAAGAAAGTTTTTGGAAACTGGTCCCTCTAT,1
TAAAATCTTTATTTTATTGAAGAAAGTTTTTGGAAACTGGTCCCTCTATC,1
TCTCCATACACTGTGTACTAATGACCTTGTAATATAATTATTGGCATGCA,2
CTCCATACACTGTGTACTAATGACCTTGTAATATAATTATTGGCATGCAT,1
TCCATACACTGTGTACTAATGACCTTGTAATATAATTATTGGCATGCATA,1
CCATACACTGTGTACTAATGACCTTGTAATATAATTATTGGCATGCATAT,1
CATACACTGTGTACTAATGACCTTGTAATATAATTATTGGCATGCATATC,1
ATACACTGTGTACTAATGACCTTGTAATATAATTATTGGCATGCATATCT,1
TACACTGTGTACTAATGACCTTGTAATATAATTATTGGCATGCATATCTA,1
ACACTGTGTACTAATGACCTTGTAATATAATTATTGGCATGCATATCTAC,1
CACTGTGTACTAATGACCTTGTAATATAATTATTGGCATGCATATCTACC,1
ACTGTGTACTAATGACCTTGTAATATAATTATTGGCATGCATATCTACCA,1
CTGTGTACTAATGACCTTGTAATATAATTATTGGCATGCATATCTACCAC,1
TGTGTACTAATGACCTTGTAATATAATTATTGGCATGCATATCTACCACT,1
GTGTACTAATGACCTTGTAATATAATTATTGGCATGCATATCTACCACTC,1
TGTACTAATGACCTTGTAATATAATTATTGGCATGCATATCTACCACTCC,1
GTACTAATGACCTTGTAATATAATTATTGGCATGCATATCTACCACTCCC,1
TACTAATGACCTTGTAATATAATTATTGGCATGCATATCTACCACTCCCA,1
ACTAATGACCTTGTAATATAATTATTGGCATGCATATCTACCACTCCCAC,1
CTAATGACCTTGTAATATAATTATTGGCATGCATATCTACCACTCCCACC,1
TAATGACCTTGTAATATAATTATTGGCATGCATATCTACCACTCCCACCA,1
AATGACCTTGTAATATAATTATTGGCATGCATATCTACCACTCCCACCAG,1
ATGACCTTGTAATATAATTATTGGCATGCATATCTACCACTCCCACCAGA,1
TGACCTTGTAATATAATTATTGGCATGCATATCTACCACTCCCACCAGAC,1
GACCTTGTAATATAATTATTGGCATGCATATCTACCACTCCCACCAGACC,1
ACCTTGTAATATAATTATTGGCATGCATATCTACCACTCCCACCAGACCA,1
CCTTGTAATATAATTATTGGCATGCATATCTACCACTCCCACCAGACCAT,1
CTTGTAATATAATTATTGGCATGCATATCTACCACTCCCACCAGACCATG,1
TTGTAATATAATTATTGGCATGCATATCTACCACTCCCACCAGACCATGA,1
TGTAATATAATTATTGGCATGCATATCTACCACTCCCACCAGACCATGAA,1
GTAATATAATTATTGGCATGCATATCTACCACTCCCACCAGACCATGAAC,1
TAATATAATTATTGGCATGCATATCTACCACTCCCACCAGACCATGAACT,1
AATATAATTATTGGCATGCATATCTACCACTCCCACCAGACCATGAACTC,1
ATATAATTATTGGCATGCATATCTACCACTCCCACCAGACCATGAACTCC,1
TATAATTATTGGCATGCATATCTACCACTCCCACCAGACCATGAACTCCT,1
ATAATTATTGGCATGCATATCTACCACTCCCACCAGACCATGAACTCCTC,1
TAATTATTGGCATGCATATCTACCACTCCCACCAGACCATGAACTCCTCC,1
AATTATTGGCATGCATATCTACCACTCCCACCAGACCATGAACTCCTCCC,1
ATTATTGGCATGCATATCTACCACTCCCACCAGACCATGAACTCCTCCCA,1
TTATTGGCATGCATATCTACCACTCCCACCAGACCATGAACTCCTCCCAG,1
TATTGGCATGCATATCTACCACTCCCACCAGACCATGAACTCCTCCCAGC,1
ATTGGCATGCATATCTACCACTCCCACCAGACCATGAACTCCTCCCAGCA,1
TTGGCATGCATATCTACCACTCCCACCAGACCATGAACTCCTCCCAGCAA,1
TGGCATGCATATCTACCACTCCCACCAGACCATGAACTCCTCCCAGCAAG,1
GGCATGCATATCTACCACTCCCACCAGACCATGAACTCCTCCCAGCAAGT,1
GCATGCATATCTACCACTCCCACCAGACCATGAACTCCTCCCAGCAAGTA,1
CATGCATATCTACCACTCCCACCAGACCATGAACTCCTCCCAGCAAGTAT,1
ATGCATATCTACCACTCCCACCAGACCATGAACTCCTCCCAGCAAGTATT,1
TGCATATCTACCACTCCCACCAGACCATGAACTCCTCCCAGCAAGTATTA,1
GCATATCTACCACTCCCACCAGACCATGAACTCCTCCCAGCAAGTATTAA,1
CATATCTACCACTCCCACCAGACCATGAACTCCTCCCAGCAAGTATTAAA,1
ATATCTACCACTCCCACCAGACCATGAACTCCTCCCAGCAAGTATTAAAT,1
TATCTACCACTCCCACCAGACCATGAACTCCTCCCAGCAAGTATTAAATT,1
ATCTACCACTCCCACCAGACCATGAACTCCTCCCAGCAAGTATTAAATTC,1
TCTACCACTCCCACCAGACCATGAACTCCTCCCAGCAAGTATTAAATTCT,1
CTACCACTCCCACCAGACCATGAACTCCTCCCAGCAAGTATTAAATTCTA,1
TACCACTCCCACCAGACCATGAACTCCTCCCAGCAAGTATTAAATTCTAT,1
ACCACTCCCACCAGACCATGAACTCCTCCCAGCAAGTATTAAATTCTATT,1
CCACTCCCACCAGACCATGAACTCCTCCCAGCAAGTATTAAATTCTATTT,1
CACTCCCACCAGACCATGAACTCCTCCCAGCAAGTATTAAATTCTATTTG,1
ACTCCCACCAGACCATGAACTCCTCCCAGCAAGTATTAAATTCTATTTGC,1
CTCCCACCAGACCATGAACTCCTCCCAGCAAGTATTAAATTCTATTTGCC,1
TCCCACCAGACCATGAACTCCTCCCAGCAAGTATTAAATTCTATTTGCCT,1
CCCACCAGACCATGAACTCCTCCCAGCAAGTATTAAATTCTATTTGCCTT,1
CCACCAGACCATGAACTCCTCCCAGCAAGTATTAAATTCTATTTGCCTTT,1
CACCAGACCATGAACTCCTCCCAGCAAGTATTAAATTCTATTTGCCTTTC,1
ACCAGACCATGAACTCCTCCCAGCAAGTATTAAATTCTATTTGCCTTTCC,1
CCAGACCATGAACTCCTCCCAGCAAGTATTAAATTCTATTTGCCTTTCCT,1
CAGACCATGAACTCCTCCCAGCAAGTATTAAATTCTATTTGCCTTTCCTT,1
AGACCATGAACTCCTCCCAGCAAGTATTAAATTCTATTTGCCTTTCCTTA,1
GACCATGAACTCCTCCCAGCAAGTATTAAATTCTATTTGCCTTTCCTTAG,1
ACCATGAACTCCTCCCAGCAAGTATTAAATTCTATTTGCCTTTCCTTAGC,1
CCATGAACTCCTCCCAGCAAGTATTAAATTCTATTTGCCTTTCCTTAGCC,1
CATGAACTCCTCCCAGCAAGTATTAAATTCTATTTGCCTTTCCTTAGCCC,1
ATGAACTCCTCCCAGCAAGTATTAAATTCTATTTGCCTTTCCTTAGCCCC,1
TGAACTCCTCCCAGCAAGTATTAAATTCTATTTGCCTTTCCTTAGCCCCT,1
GAACTCCTCCCAGCAAGTATTAAATTCTATTTGCCTTTCCTTAGCCCCTG,1
AACTCCTCCCAGCAAGTATTAAATTCTATTTGCCTTTCCTTAGCCCCTGG,1
ACTCCTCCCAGCAAGTATTAAATTCTATTTGCCTTTCCTTAGCCCCTGGC,1
CTCCTCCCAGCAAGTATTAAATTCTATTTGCCTTTCCTTAGCCCCTGGCT,1
TCCTCCCAGCAAGTATTAAATTCTATTTGCCTTTCCTTAGCCCCTGGCTC,1
CCTCCCAGCAAGTATTAAATTCTATTTGCCTTTCCTTAGCCCCTGGCTCA,1
CTCCCAGCAAGTATTAAATTCTATTTGCCTTTCCTTAGCCCCTGGCTCAT,1
TCCCAGCAAGTATTAAATTCTATTTGCCTTTCCTTAGCCCCTGGCTCATA,1
CCCAGCAAGTATTAAATTCTATTTGCCTTTCCTTAGCCCCTGGCTCATAA,1
CCAGCAAGTATTAAATTCTATTTGCCTTTCCTTAGCCCCTGGCTCATAAT,1
CAGCAAGTATTAAATTCTATTTGCCTTTCCTTAGCCCCTGGCTCATAATG,1
AGCAAGTATTAAATTCTATTTGCCTTTCCTTAGCCCCTGGCTCATAATGA,1
GCAAGTATTAAATTCTATTTGCCTTTCCTTAGCCCCTGGCTCATAATGAG,1
CAAGTATTAAATTCTATTTGCCTTTCCTTAGCCCCTGGCTCATAATGAGT,1
AAGTATTAAATTCTATTTGCCTTTCCTTAGCCCCTGGCTCATAATGAGTG,1
AGTATTAAATTCTATTTGCCTTTCCTTAGCCCCTGGCTCATAATGAGTGC,1
GTATTAAATTCTATTTGCCTTTCCTTAGCCCCTGGCTCATAATGAGTGCT,1
TATTAAATTCTATTTGCCTTTCCTTAGCCCCTGGCTCATAATGAGTGCTT,1
ATTAAATTCTATTTGCCTTTCCTTAGCCCCTGGCTCATAATGAGTGCTTA,1
TTAAATTCTATTTGCCTTTCCTTAGCCCCTGGCTCATAATGAGTGCTTAA,1
TAAATTCTATTTGCCTTTCCTTAGCCCCTGGCTCATAATGAGTGCTTAAT,1
AAATTCTATTTGCCTTTCCTTAGCCCCTGGCTCATAATGAGTGCTTAATA,1
AATTCTATTTGCCTTTCCTTAGCCCCTGGCTCATAATGAGTGCTTAATAA,1
ATTCTATTTGCCTTTCCTTAGCCCCTGGCTCATAATGAGTGCTTAATAAG,1
TTCTATTTGCCTTTCCTTAGCCCCTGGCTCATAATGAGTGCTTAATAAGT,1
TCTATTTGCCTTTCCTTAGCCCCTGGCTCATAATGAGTGCTTAATAAGTA,1
CTATTTGCCTTTCCTTAGCCCCTGGCTCATAATGAGTGCTTAATAAGTAT,1
AAATTATAATGTCTCCTTCTCCACATGATACCATCCCCCACCTTTCCAGG,1
AATTATAATGTCTCCTTCTCCACATGATACCATCCCCCACCTTTCCAGGA,1
ATTATAATGTCTCCTTCTCCACATGATACCATCCCCCACCTTTCCAGGAG,1
TTATAATGTCTCCTTCTCCACATGATACCATCCCCCACCTTTCCAGGAGA,1
TATAATGTCTCCTTCTCCACATGATACCATCCCCCACCTTTCCAGGAGAG,1
ATAATGTCTCCTTCTCCACATGATACCATCCCCCACCTTTCCAGGAGAGT,1
TAATGTCTCCTTCTCCACATGATACCATCCCCCACCTTTCCAGGAGAGTT,1
AATGTCTCCTTCTCCACATGATACCATCCCCCACCTTTCCAGGAGAGTTA,1
ATGTCTCCTTCTCCACATGATACCATCCCCCACCTTTCCAGGAGAGTTAG,1
TGTCTCCTTCTCCACATGATACCATCCCCCACCTTTCCAGGAGAGTTAGG,1
GTCTCCTTCTCCACATGATACCATCCCCCACCTTTCCAGGAGAGTTAGGT,1
TCTCCTTCTCCACATGATACCATCCCCCACCTTTCCAGGAGAGTTAGGTG,1
CTCCTTCTCCACATGATACCATCCCCCACCTTTCCAGGAGAGTTAGGTGG,1
TCCTTCTCCACATGATACCATCCCCCACCTTTCCAGGAGAGTTAGGTGGT,1
CCTTCTCCACATGATACCATCCCCCACCTTTCCAGGAGAGTTAGGTGGTT,1
CTTCTCCACATGATACCATCCCCCACCTTTCCAGGAGAGTTAGGTGGTTC,1
TTCTCCACATGATACCATCCCCCACCTTTCCAGGAGAGTTAGGTGGTTCC,1
TCTCCACATGATACCATCCCCCACCTTTCCAGGAGAGTTAGGTGGTTCCA,1
CTCCACATGATACCATCCCCCACCTTTCCAGGAGAGTTAGGTGGTTCCAT,1
TCCACATGATACCATCCCCCACCTTTCCAGGAGAGTTAGGTGGTTCCATC,1
CCACATGATACCATCCCCCACCTTTCCAGGAGAGTTAGGTGGTTCCATCT,1
CACATGATACCATCCCCCACCTTTCCAGGAGAGTTAGGTGGTTCCATCTC,1
ACATGATACCATCCCCCACCTTTCCAGGAGAGTTAGGTGGTTCCATCTCC,1
CATGATACCATCCCCCACCTTTCCAGGAGAGTTAGGTGGTTCCATCTCCA,1
ATGATACCATCCCCCACCTTTCCAGGAGAGTTAGGTGGTTCCATCTCCAT,1
TGATACCATCCCCCACCTTTCCAGGAGAGTTAGGTGGTTCCATCTCCATA,1
GATACCATCCCCCACCTTTCCAGGAGAGTTAGGTGGTTCCATCTCCATAC,1
ATACCATCCCCCACCTTTCCAGGAGAGTTAGGTGGTTCCATCTCCATACA,1
TACCATCCCCCACCTTTCCAGGAGAGTTAGGTGGTTCCATCTCCATACAC,1
ACCATCCCCCACCTTTCCAGGAGAGTTAGGTGGTTCCATCTCCATACACT,1
CCATCCCCCACCTTTCCAGGAGAGTTAGGTGGTTCCATCTCCATACACTG,1
CATCCCCCACCTTTCCAGGAGAGTTAGGTGGTTCCATCTCCATACACTGT,1
ATCCCCCACCTTTCCAGGAGAGTTAGGTGGTTCCATCTCCATACACTGTG,1
TCCCCCACCTTTCCAGGAGAGTTAGGTGGTTCCATCTCCATACACTGTGT,1
CCCCCACCTTTCCAGGAGAGTTAGGTGGTTCCATCTCCATACACTGTGTA,1
CCCCACCTTTCCAGGAGAGTTAGGTGGTTCCATCTCCATACACTGTGTAC,1
CCCACCTTTCCAGGAGAGTTAGGTGGTTCCATCTCCATACACTGTGTACT,1
CCACCTTTCCAGGAGAGTTAGGTGGTTCCATCTCCATACACTGTGTACTA,1
CACCTTTCCAGGAGAGTTAGGTGGTTCCATCTCCATACACTGTGTACTAA,1
ACCTTTCCAGGAGAGTTAGGTGGTTCCATCTCCATACACTGTGTACTAAT,1
CCTTTCCAGGAGAGTTAGGTGGTTCCATCTCCATACACTGTGTACTAATG,1
CTTTCCAGGAGAGTTAGGTGGTTCCATCTCCATACACTGTGTACTAATGA,1
TTTCCAGGAGAGTTAGGTGGTTCCATCTCCATACACTGTGTACTAATGAC,1
TTCCAGGAGAGTTAGGTGGTTCCATCTCCATACACTGTGTACTAATGACC,1
TCCAGGAGAGTTAGGTGGTTCCATCTCCATACACTGTGTACTAATGACCT,1
CCAGGAGAGTTAGGTGGTTCCATCTCCATACACTGTGTACTAATGACCTT,1
CAGGAGAGTTAGGTGGTTCCATCTCCATACACTGTGTACTAATGACCTTG,1
AGGAGAGTTAGGTGGTTCCATCTCCATACACTGTGTACTAATGACCTTGT,1
GGAGAGTTAGGTGGTTCCATCTCCATACACTGTGTACTAATGACCTTGTA,1
GAGAGTTAGGTGGTTCCATCTCCATACACTGTGTACTAATGACCTTGTAA,1
AGAGTTAGGTGGTTCCATCTCCATACACTGTGTACTAATGACCTTGTAAT,1
GAGTTAGGTGGTTCCATCTCCATACACTGTGTACTAATGACCTTGTAATA,1
AGTTAGGTGGTTCCATCTCCATACACTGTGTACTAATGACCTTGTAATAT,1
GTTAGGTGGTTCCATCTCCATACACTGTGTACTAATGACCTTGTAATATA,1
TTAGGTGGTTCCATCTCCATACACTGTGTACTAATGACCTTGTAATATAA,1
TAGGTGGTTCCATCTCCATACACTGTGTACTAATGACCTTGTAATATAAT,1
AGGTGGTTCCATCTCCATACACTGTGTACTAATGACCTTGTAATATAATT,1
GGTGGTTCCATCTCCATACACTGTGTACTAATGACCTTGTAATATAATTA,1
GTGGTTCCATCTCCATACACTGTGTACTAATGACCTTGTAATATAATTAT,1
TGGTTCCATCTCCATACACTGTGTACTAATGACCTTGTAATATAATTATT,1
GGTTCCATCTCCATACACTGTGTACTAATGACCTTGTAATATAATTATTG,1
GTTCCATCTCCATACACTGTGTACTAATGACCTTGTAATATAATTATTGG,1
TTCCATCTCCATACACTGTGTACTAATGACCTTGTAATATAATTATTGGC,1
TCCATCTCCATACACTGTGTACTAATGACCTTGTAATATAATTATTGGCA,1
CCATCTCCATACACTGTGTACTAATGACCTTGTAATATAATTATTGGCAT,1
CATCTCCATACACTGTGTACTAATGACCTTGTAATATAATTATTGGCATG,1
ATCTCCATACACTGTGTACTAATGACCTTGTAATATAATTATTGGCATGC,1
GGGTTATTGAAATTTTGTCAAAGCACTTCTGATGCTTCCTTGAGTTGTAA,3
GGTTATTGAAATTTTGTCAAAGCACTTCTGATGCTTCCTTGAGTTGTAAT,3
GTTATTGAAATTTTGTCAAAGCACTTCTGATGCTTCCTTGAGTTGTAATG,3
TTATTGAAATTTTGTCAAAGCACTTCTGATGCTTCCTTGAGTTGTAATGT,3
TATTGAAATTTTGTCAAAGCACTTCTGATGCTTCCTTGAGTTGTAATGTT,3
ATTGAAATTTTGTCAAAGCACTTCTGATGCTTCCTTGAGTTGTAATGTTG,3
TTGAAATTTTGTCAAAGCACTTCTGATGCTTCCTTGAGTTGTAATGTTGT,3
TGAAATTTTGTCAAAGCACTTCTGATGCTTCCTTGAGTTGTAATGTTGTG,3
GAAATTTTGTCAAAGCACTTCTGATGCTTCCTTGAGTTGTAATGTTGTGA,3
AAATTTTGTCAAAGCACTTCTGATGCTTCCTTGAGTTGTAATGTTGTGAG,3
AATTTTGTCAAAGCACTTCTGATGCTTCCTTGAGTTGTAATGTTGTGAGT,3
TAGCTCCTTTTGTTAGGGTAGGACCCGTGTTCTATTCATCTTTGCTTCTC,3
AGCTCCTTTTGTTAGGGTAGGACCCGTGTTCTATTCATCTTTGCTTCTCC,3
GCTCCTTTTGTTAGGGTAGGACCCGTGTTCTATTCATCTTTGCTTCTCCC,3
CTCCTTTTGTTAGGGTAGGACCCGTGTTCTATTCATCTTTGCTTCTCCCT,3
TCCTTTTGTTAGGGTAGGACCCGTGTTCTATTCATCTTTGCTTCTCCCTT,3
CCTTTTGTTAGGGTAGGACCCGTGTTCTATTCATCTTTGCTTCTCCCTTA,3
CTTTTGTTAGGGTAGGACCCGTGTTCTATTCATCTTTGCTTCTCCCTTAG,3
TTTTGTTAGGGTAGGACCCGTGTTCTATTCATCTTTGCTTCTCCCTTAGC,3
TTTGTTAGGGTAGGACCCGTGTTCTATTCATCTTTGCTTCTCCCTTAGCA,3
TTGTTAGGGTAGGACCCGTGTTCTATTCATCTTTGCTTCTCCCTTAGCAT,3
TGTTAGGGTAGGACCCGTGTTCTATTCATCTTTGCTTCTCCCTTAGCATT,3
GTTAGGGTAGGACCCGTGTTCTATTCATCTTTGCTTCTCCCTTAGCATTT,3
TTAGGGTAGGACCCGTGTTCTATTCATCTTTGCTTCTCCCTTAGCATTTT,3
TAGGGTAGGACCCGTGTTCTATTCATCTTTGCTTCTCCCTTAGCATTTTG,2
AGGGTAGGACCCGTGTTCTATTCATCTTTGCTTCTCCCTTAGCATTTTGG,2
GGGTAGGACCCGTGTTCTATTCATCTTTGCTTCTCCCTTAGCATTTTGGA,1
GGTAGGACCCGTGTTCTATTCATCTTTGCTTCTCCCTTAGCATTTTGGAG,1
GTAGGACCCGTGTTCTATTCATCTTTGCTTCTCCCTTAGCATTTTGGAGA,1
TAGGACCCGTGTTCTATTCATCTTTGCTTCTCCCTTAGCATTTTGGAGAT,1
AGGACCCGTGTTCTATTCATCTTTGCTTCTCCCTTAGCATTTTGGAGATT,1
GGACCCGTGTTCTATTCATCTTTGCTTCTCCCTTAGCATTTTGGAGATTG,1
GACCCGTGTTCTATTCATCTTTGCTTCTCCCTTAGCATTTTGGAGATTGT,1
ACCCGTGTTCTATTCATCTTTGCTTCTCCCTTAGCATTTTGGAGATTGTA,1
CCCGTGTTCTATTCATCTTTGCTTCTCCCTTAGCATTTTGGAGATTGTAG,1
CCGTGTTCTATTCATCTTTGCTTCTCCCTTAGCATTTTGGAGATTGTAGA,1
CGTGTTCTATTCATCTTTGCTTCTCCCTTAGCATTTTGGAGATTGTAGAT,1
GTGTTCTATTCATCTTTGCTTCTCCCTTAGCATTTTGGAGATTGTAGATG,1
TGTTCTATTCATCTTTGCTTCTCCCTTAGCATTTTGGAGATTGTAGATGT,1
TTCTCACTCTTCTGGGTTATTGAAATTTTGTCAAAGCACTTCTGATGCTT,2
TCTCACTCTTCTGGGTTATTGAAATTTTGTCAAAGCACTTCTGATGCTTC,2
CTCACTCTTCTGGGTTATTGAAATTTTGTCAAAGCACTTCTGATGCTTCC,2
TCACTCTTCTGGGTTATTGAAATTTTGTCAAAGCACTTCTGATGCTTCCT,2
CACTCTTCTGGGTTATTGAAATTTTGTCAAAGCACTTCTGATGCTTCCTT,2
ACTCTTCTGGGTTATTGAAATTTTGTCAAAGCACTTCTGATGCTTCCTTG,2
CTCTTCTGGGTTATTGAAATTTTGTCAAAGCACTTCTGATGCTTCCTTGA,2
TCTTCTGGGTTATTGAAATTTTGTCAAAGCACTTCTGATGCTTCCTTGAG,2
CTTCTGGGTTATTGAAATTTTGTCAAAGCACTTCTGATGCTTCCTTGAGT,2
TTCTGGGTTATTGAAATTTTGTCAAAGCACTTCTGATGCTTCCTTGAGTT,2
TCTGGGTTATTGAAATTTTGTCAAAGCACTTCTGATGCTTCCTTGAGTTG,2
CTGGGTTATTGAAATTTTGTCAAAGCACTTCTGATGCTTCCTTGAGTTGT,2
TGGGTTATTGAAATTTTGTCAAAGCACTTCTGATGCTTCCTTGAGTTGTA,2
CCCTTAGCATTTTGGAGATTGTAGATGTGTAATAAATATATTGTTGAATT,1
CCTTAGCATTTTGGAGATTGTAGATGTGTAATAAATATATTGTTGAATTG,1
CTTAGCATTTTGGAGATTGTAGATGTGTAATAAATATATTGTTGAATTGA,1
TTAGCATTTTGGAGATTGTAGATGTGTAATAAATATATTGTTGAATTGAG,1
TAGCATTTTGGAGATTGTAGATGTGTAATAAATATATTGTTGAATTGAGT,1
AGCATTTTGGAGATTGTAGATGTGTAATAAATATATTGTTGAATTGAGTG,1
GCATTTTGGAGATTGTAGATGTGTAATAAATATATTGTTGAATTGAGTGC,1
CATTTTGGAGATTGTAGATGTGTAATAAATATATTGTTGAATTGAGTGCA,1
ATTTTGGAGATTGTAGATGTGTAATAAATATATTGTTGAATTGAGTGCAG,1
TTTTGGAGATTGTAGATGTGTAATAAATATATTGTTGAATTGAGTGCAGT,1
TTTGGAGATTGTAGATGTGTAATAAATATATTGTTGAATTGAGTGCAGTA,1
TTGGAGATTGTAGATGTGTAATAAATATATTGTTGAATTGAGTGCAGTAA,1
TGGAGATTGTAGATGTGTAATAAATATATTGTTGAATTGAGTGCAGTAAG,1
GGAGATTGTAGATGTGTAATAAATATATTGTTGAATTGAGTGCAGTAAGA,1
GAGATTGTAGATGTGTAATAAATATATTGTTGAATTGAGTGCAGTAAGAG,1
AGATTGTAGATGTGTAATAAATATATTGTTGAATTGAGTGCAGTAAGAGA,1
GATTGTAGATGTGTAATAAATATATTGTTGAATTGAGTGCAGTAAGAGAT,1
ATTGTAGATGTGTAATAAATATATTGTTGAATTGAGTGCAGTAAGAGATT,1
TTGTAGATGTGTAATAAATATATTGTTGAATTGAGTGCAGTAAGAGATTT,1
TGTAGATGTGTAATAAATATATTGTTGAATTGAGTGCAGTAAGAGATTTT,1
GTAGATGTGTAATAAATATATTGTTGAATTGAGTGCAGTAAGAGATTTTC,1
TAGATGTGTAATAAATATATTGTTGAATTGAGTGCAGTAAGAGATTTTCC,1
AGATGTGTAATAAATATATTGTTGAATTGAGTGCAGTAAGAGATTTTCCC,1
GATGTGTAATAAATATATTGTTGAATTGAGTGCAGTAAGAGATTTTCCCC,1
ATGTGTAATAAATATATTGTTGAATTGAGTGCAGTAAGAGATTTTCCCCC,1
TGTGTAATAAATATATTGTTGAATTGAGTGCAGTAAGAGATTTTCCCCCT,1
GTGTAATAAATATATTGTTGAATTGAGTGCAGTAAGAGATTTTCCCCCTG,1
TGTAATAAATATATTGTTGAATTGAGTGCAGTAAGAGATTTTCCCCCTGA,1
GTAATAAATATATTGTTGAATTGAGTGCAGTAAGAGATTTTCCCCCTGAT,1
TAATAAATATATTGTTGAATTGAGTGCAGTAAGAGATTTTCCCCCTGATG,1
AATAAATATATTGTTGAATTGAGTGCAGTAAGAGATTTTCCCCCTGATGC,1
ATAAATATATTGTTGAATTGAGTGCAGTAAGAGATTTTCCCCCTGATGCC,1
TAAATATATTGTTGAATTGAGTGCAGTAAGAGATTTTCCCCCTGATGCCA,1
AAATATATTGTTGAATTGAGTGCAGTAAGAGATTTTCCCCCTGATGCCAC,1
AATATATTGTTGAATTGAGTGCAGTAAGAGATTTTCCCCCTGATGCCACA,1
ATATATTGTTGAATTGAGTGCAGTAAGAGATTTTCCCCCTGATGCCACAG,1
TATATTGTTGAATTGAGTGCAGTAAGAGATTTTCCCCCTGATGCCACAGT,1
ATATTGTTGAATTGAGTGCAGTAAGAGATTTTCCCCCTGATGCCACAGTG,1
TATTGTTGAATTGAGTGCAGTAAGAGATTTTCCCCCTGATGCCACAGTGC,1
ATTGTTGAATTGAGTGCAGTAAGAGATTTTCCCCCTGATGCCACAGTGCT,1
TTGTTGAATTGAGTGCAGTAAGAGATTTTCCCCCTGATGCCACAGTGCTT,1
TGTTGAATTGAGTGCAGTAAGAGATTTTCCCCCTGATGCCACAGTGCTTA,1
GTTGAATTGAGTGCAGTAAGAGATTTTCCCCCTGATGCCACAGTGCTTAA,1
TTGAATTGAGTGCAGTAAGAGATTTTCCCCCTGATGCCACAGTGCTTAAG,1
TGAATTGAGTGCAGTAAGAGATTTTCCCCCTGATGCCACAGTGCTTAAGT,1
GAATTGAGTGCAGTAAGAGATTTTCCCCCTGATGCCACAGTGCTTAAGTT,1
AATTGAGTGCAGTAAGAGATTTTCCCCCTGATGCCACAGTGCTTAAGTTG,1
ATTGAGTGCAGTAAGAGATTTTCCCCCTGATGCCACAGTGCTTAAGTTGA,1
TTGAGTGCAGTAAGAGATTTTCCCCCTGATGCCACAGTGCTTAAGTTGAA,1
TGAGTGCAGTAAGAGATTTTCCCCCTGATGCCACAGTGCTTAAGTTGAAA,1
GAGTGCAGTAAGAGATTTTCCCCCTGATGCCACAGTGCTTAAGTTGAAAT,1
AGTGCAGTAAGAGATTTTCCCCCTGATGCCACAGTGCTTAAGTTGAAATG,1
GTGCAGTAAGAGATTTTCCCCCTGATGCCACAGTGCTTAAGTTGAAATGA,1
TGCAGTAAGAGATTTTCCCCCTGATGCCACAGTGCTTAAGTTGAAATGAA,1
GCAGTAAGAGATTTTCCCCCTGATGCCACAGTGCTTAAGTTGAAATGAAG,1
CAGTAAGAGATTTTCCCCCTGATGCCACAGTGCTTAAGTTGAAATGAAGT,1
AGTAAGAGATTTTCCCCCTGATGCCACAGTGCTTAAGTTGAAATGAAGTC,1
GTAAGAGATTTTCCCCCTGATGCCACAGTGCTTAAGTTGAAATGAAGTCT,1
TAAGAGATTTTCCCCCTGATGCCACAGTGCTTAAGTTGAAATGAAGTCTA,1
AAGAGATTTTCCCCCTGATGCCACAGTGCTTAAGTTGAAATGAAGTCTAT,1
AGAGATTTTCCCCCTGATGCCACAGTGCTTAAGTTGAAATGAAGTCTATG,1
GAGATTTTCCCCCTGATGCCACAGTGCTTAAGTTGAAATGAAGTCTATGG,1
AGATTTTCCCCCTGATGCCACAGTGCTTAAGTTGAAATGAAGTCTATGGC,1
GATTTTCCCCCTGATGCCACAGTGCTTAAGTTGAAATGAAGTCTATGGCT,1
ATTTTCCCCCTGATGCCACAGTGCTTAAGTTGAAATGAAGTCTATGGCTT,1
TTTTCCCCCTGATGCCACAGTGCTTAAGTTGAAATGAAGTCTATGGCTTG,1
TTTCCCCCTGATGCCACAGTGCTTAAGTTGAAATGAAGTCTATGGCTTGG,1
TTCCCCCTGATGCCACAGTGCTTAAGTTGAAATGAAGTCTATGGCTTGGT,1
TCCCCCTGATGCCACAGTGCTTAAGTTGAAATGAAGTCTATGGCTTGGTA,1
CCCCCTGATGCCACAGTGCTTAAGTTGAAATGAAGTCTATGGCTTGGTAT,1
CCCCTGATGCCACAGTGCTTAAGTTGAAATGAAGTCTATGGCTTGGTATT,1
CCCTGATGCCACAGTGCTTAAGTTGAAATGAAGTCTATGGCTTGGTATTT,1
CCTGATGCCACAGTGCTTAAGTTGAAATGAAGTCTATGGCTTGGTATTTT,1
CTGATGCCACAGTGCTTAAGTTGAAATGAAGTCTATGGCTTGGTATTTTC,1
TGATGCCACAGTGCTTAAGTTGAAATGAAGTCTATGGCTTGGTATTTTCT,1
GATGCCACAGTGCTTAAGTTGAAATGAAGTCTATGGCTTGGTATTTTCTC,1
ATGCCACAGTGCTTAAGTTGAAATGAAGTCTATGGCTTGGTATTTTCTCC,1
TGCCACAGTGCTTAAGTTGAAATGAAGTCTATGGCTTGGTATTTTCTCCA,1
GCCACAGTGCTTAAGTTGAAATGAAGTCTATGGCTTGGTATTTTCTCCAG,1
CCACAGTGCTTAAGTTGAAATGAAGTCTATGGCTTGGTATTTTCTCCAGG,1
CACAGTGCTTAAGTTGAAATGAAGTCTATGGCTTGGTATTTTCTCCAGGT,1
ACAGTGCTTAAGTTGAAATGAAGTCTATGGCTTGGTATTTTCTCCAGGTA,1
CAGTGCTTAAGTTGAAATGAAGTCTATGGCTTGGTATTTTCTCCAGGTAA,1
AGTGCTTAAGTTGAAATGAAGTCTATGGCTTGGTATTTTCTCCAGGTAAT,1
GTGCTTAAGTTGAAATGAAGTCTATGGCTTGGTATTTTCTCCAGGTAATA,1
TGCTTAAGTTGAAATGAAGTCTATGGCTTGGTATTTTCTCCAGGTAATAC,1
GCTTAAGTTGAAATGAAGTCTATGGCTTGGTATTTTCTCCAGGTAATACC,1
CTTAAGTTGAAATGAAGTCTATGGCTTGGTATTTTCTCCAGGTAATACCC,1
TTAAGTTGAAATGAAGTCTATGGCTTGGTATTTTCTCCAGGTAATACCCA,1
TAAGTTGAAATGAAGTCTATGGCTTGGTATTTTCTCCAGGTAATACCCAT,1
AAGTTGAAATGAAGTCTATGGCTTGGTATTTTCTCCAGGTAATACCCATT,1
AGTTGAAATGAAGTCTATGGCTTGGTATTTTCTCCAGGTAATACCCATTT,1
GTTGAAATGAAGTCTATGGCTTGGTATTTTCTCCAGGTAATACCCATTTT,1
TTGAAATGAAGTCTATGGCTTGGTATTTTCTCCAGGTAATACCCATTTTT,1
TGAAATGAAGTCTATGGCTTGGTATTTTCTCCAGGTAATACCCATTTTTC,1
GAAATGAAGTCTATGGCTTGGTATTTTCTCCAGGTAATACCCATTTTTCT,1
AAATGAAGTCTATGGCTTGGTATTTTCTCCAGGTAATACCCATTTTTCTC,1
AATGAAGTCTATGGCTTGGTATTTTCTCCAGGTAATACCCATTTTTCTCT,1
ATGAAGTCTATGGCTTGGTATTTTCTCCAGGTAATACCCATTTTTCTCTT,1
TGAAGTCTATGGCTTGGTATTTTCTCCAGGTAATACCCATTTTTCTCTTT,1
GAAGTCTATGGCTTGGTATTTTCTCCAGGTAATACCCATTTTTCTCTTTC,1
ATTTCTCACTCTTCTGGGTTATTGAAATTTTGTCAAAGCACTTCTGATGC,1
TTTCTCACTCTTCTGGGTTATTGAAATTTTGTCAAAGCACTTCTGATGCT,1
TTTTCTCTTTCTTCCCTCTCTTCTTTGTAGATGAGGAAATATCTGATGAG,1
TTTCTCTTTCTTCCCTCTCTTCTTTGTAGATGAGGAAATATCTGATGAGG,1
TTCTCTTTCTTCCCTCTCTTCTTTGTAGATGAGGAAATATCTGATGAGGA,1
TCTCTTTCTTCCCTCTCTTCTTTGTAGATGAGGAAATATCTGATGAGGAA,1
CTCTTTCTTCCCTCTCTTCTTTGTAGATGAGGAAATATCTGATGAGGAAG,1
TCTTTCTTCCCTCTCTTCTTTGTAGATGAGGAAATATCTGATGAGGAAGG,1
CTTTCTTCCCTCTCTTCTTTGTAGATGAGGAAATATCTGATGAGGAAGGG,1
TTTCTTCCCTCTCTTCTTTGTAGATGAGGAAATATCTGATGAGGAAGGGT,1
TTCTTCCCTCTCTTCTTTGTAGATGAGGAAATATCTGATGAGGAAGGGTC,1
TCTTCCCTCTCTTCTTTGTAGATGAGGAAATATCTGATGAGGAAGGGTCT,1
CTTCCCTCTCTTCTTTGTAGATGAGGAAATATCTGATGAGGAAGGGTCTG,1
TTCCCTCTCTTCTTTGTAGATGAGGAAATATCTGATGAGGAAGGGTCTGG,1
TCCCTCTCTTCTTTGTAGATGAGGAAATATCTGATGAGGAAGGGTCTGGA,1
CCCTCTCTTCTTTGTAGATGAGGAAATATCTGATGAGGAAGGGTCTGGAG,1
CCTCTCTTCTTTGTAGATGAGGAAATATCTGATGAGGAAGGGTCTGGAGA,1
CTCTCTTCTTTGTAGATGAGGAAATATCTGATGAGGAAGGGTCTGGAGAT,1
TCTCTTCTTTGTAGATGAGGAAATATCTGATGAGGAAGGGTCTGGAGATG,1
CTCTTCTTTGTAGATGAGGAAATATCTGATGAGGAAGGGTCTGGAGATGA,1
TCTTCTTTGTAGATGAGGAAATATCTGATGAGGAAGGGTCTGGAGATGAA,1
CTTCTTTGTAGATGAGGAAATATCTGATGAGGAAGGGTCTGGAGATGAAG,1
TTCTTTGTAGATGAGGAAATATCTGATGAGGAAGGGTCTGGAGATGAAGA,1
TCTTTGTAGATGAGGAAATATCTGATGAGGAAGGGTCTGGAGATGAAGAT,1
CTTTGTAGATGAGGAAATATCTGATGAGGAAGGGTCTGGAGATGAAGATT,1
TTTGTAGATGAGGAAATATCTGATGAGGAAGGGTCTGGAGATGAAGATTC,1
TTGTAGATGAGGAAATATCTGATGAGGAAGGGTCTGGAGATGAAGATTCA,1
TGTAGATGAGGAAATATCTGATGAGGAAGGGTCTGGAGATGAAGATTCAG,1
GTAGATGAGGAAATATCTGATGAGGAAGGGTCTGGAGATGAAGATTCAGA,1
TAGATGAGGAAATATCTGATGAGGAAGGGTCTGGAGATGAAGATTCAGAG,1
AGATGAGGAAATATCTGATGAGGAAGGGTCTGGAGATGAAGATTCAGAGG,1
